vintage_month,credit_score_band,months_on_book,dpd_bucket,n_accounts,total_balance,cohort_accounts,pct_of_cohort
2024-09-01,Near_Prime,1,Current,289,1692718.25,802,36.035
2024-09-01,Near_Prime,2,Current,276,1545865.17,802,34.414
2024-09-01,Near_Prime,2,DPD_30,11,62331.43,802,1.372
2024-09-01,Near_Prime,2,Paid_Off,2,0.0,802,0.249
2024-09-01,Near_Prime,3,Current,264,1396408.28,802,32.918
2024-09-01,Near_Prime,3,DPD_30,15,95282.45,802,1.87
2024-09-01,Near_Prime,3,DPD_60,4,17902.24,802,0.499
2024-09-01,Near_Prime,3,Paid_Off,6,0.0,802,0.748
2024-09-01,Near_Prime,4,Current,251,1283203.37,802,31.297
2024-09-01,Near_Prime,4,DPD_30,18,98163.14,802,2.244
2024-09-01,Near_Prime,4,DPD_60,4,26211.48,802,0.499
2024-09-01,Near_Prime,4,DPD_90_PLUS,3,12234.89,802,0.374
2024-09-01,Near_Prime,4,Paid_Off,13,0.0,802,1.621
2024-09-01,Near_Prime,5,Charged_Off,2,8579.48,802,0.249
2024-09-01,Near_Prime,5,Current,248,1212230.6,802,30.923
2024-09-01,Near_Prime,5,DPD_30,15,75705.75,802,1.87
2024-09-01,Near_Prime,5,DPD_60,6,32592.27,802,0.748
2024-09-01,Near_Prime,5,DPD_90_PLUS,3,21699.16,802,0.374
2024-09-01,Near_Prime,5,Paid_Off,15,0.0,802,1.87
2024-09-01,Near_Prime,6,Charged_Off,4,17572.6,802,0.499
2024-09-01,Near_Prime,6,Current,238,1110561.21,802,29.676
2024-09-01,Near_Prime,6,DPD_30,17,78640.73,802,2.12
2024-09-01,Near_Prime,6,DPD_60,7,39629.0,802,0.873
2024-09-01,Near_Prime,6,DPD_90_PLUS,6,38779.88,802,0.748
2024-09-01,Near_Prime,6,Paid_Off,17,0.0,802,2.12
2024-09-01,Near_Prime,7,Charged_Off,7,32902.409999999996,802,0.873
2024-09-01,Near_Prime,7,Current,241,1063317.93,802,30.05
2024-09-01,Near_Prime,7,DPD_30,10,58099.51,802,1.247
2024-09-01,Near_Prime,7,DPD_60,5,21175.26,802,0.623
2024-09-01,Near_Prime,7,DPD_90_PLUS,9,54011.16,802,1.122
2024-09-01,Near_Prime,7,Paid_Off,17,0.0,802,2.12
2024-09-01,Near_Prime,8,Charged_Off,16,86913.56999999999,802,1.995
2024-09-01,Near_Prime,8,Current,225,928514.41,802,28.055
2024-09-01,Near_Prime,8,DPD_30,24,130511.45999999999,802,2.993
2024-09-01,Near_Prime,8,DPD_60,3,13113.75,802,0.374
2024-09-01,Near_Prime,8,DPD_90_PLUS,2,6712.5599999999995,802,0.249
2024-09-01,Near_Prime,8,Paid_Off,19,0.0,802,2.369
2024-09-01,Near_Prime,9,Charged_Off,17,88767.73,802,2.12
2024-09-01,Near_Prime,9,Current,221,875622.67,802,27.556
2024-09-01,Near_Prime,9,DPD_30,18,90777.15,802,2.244
2024-09-01,Near_Prime,9,DPD_60,7,40105.61,802,0.873
2024-09-01,Near_Prime,9,DPD_90_PLUS,2,6213.42,802,0.249
2024-09-01,Near_Prime,9,Paid_Off,24,0.0,802,2.993
2024-09-01,Near_Prime,10,Charged_Off,18,93467.06,802,2.244
2024-09-01,Near_Prime,10,Current,213,807862.82,802,26.559
2024-09-01,Near_Prime,10,DPD_30,18,82277.64,802,2.244
2024-09-01,Near_Prime,10,DPD_60,5,22797.8,802,0.623
2024-09-01,Near_Prime,10,DPD_90_PLUS,7,35811.81,802,0.873
2024-09-01,Near_Prime,10,Paid_Off,28,0.0,802,3.491
2024-09-01,Near_Prime,11,Charged_Off,23,123566.44,802,2.868
2024-09-01,Near_Prime,11,Current,213,777428.66,802,26.559
2024-09-01,Near_Prime,11,DPD_30,9,31247.4,802,1.122
2024-09-01,Near_Prime,11,DPD_60,8,38988.049999999996,802,0.998
2024-09-01,Near_Prime,11,DPD_90_PLUS,7,27347.53,802,0.873
2024-09-01,Near_Prime,11,Paid_Off,29,0.0,802,3.616
2024-09-01,Near_Prime,12,Charged_Off,29,141601.17,802,3.616
2024-09-01,Near_Prime,12,Current,204,716235.92,802,25.436
2024-09-01,Near_Prime,12,DPD_30,10,33876.81,802,1.247
2024-09-01,Near_Prime,12,DPD_60,8,34436.73,802,0.998
2024-09-01,Near_Prime,12,DPD_90_PLUS,5,23080.54,802,0.623
2024-09-01,Near_Prime,12,Paid_Off,33,0.0,802,4.115
2024-09-01,Near_Prime,13,Charged_Off,33,162590.72,802,4.115
2024-09-01,Near_Prime,13,Current,196,659233.0,802,24.439
2024-09-01,Near_Prime,13,DPD_30,15,47935.57,802,1.87
2024-09-01,Near_Prime,13,DPD_60,5,14234.12,802,0.623
2024-09-01,Near_Prime,13,DPD_90_PLUS,6,25530.78,802,0.748
2024-09-01,Near_Prime,13,Paid_Off,34,0.0,802,4.239
2024-09-01,Near_Prime,14,Charged_Off,37,180899.24,802,4.613
2024-09-01,Near_Prime,14,Current,195,625128.28,802,24.314
2024-09-01,Near_Prime,14,DPD_30,8,28907.920000000002,802,0.998
2024-09-01,Near_Prime,14,DPD_60,9,25109.24,802,1.122
2024-09-01,Near_Prime,14,DPD_90_PLUS,4,10683.720000000001,802,0.499
2024-09-01,Near_Prime,14,Paid_Off,36,0.0,802,4.489
2024-09-01,Near_Prime,15,Charged_Off,40,187901.93,802,4.988
2024-09-01,Near_Prime,15,Current,189,581932.61,802,23.566
2024-09-01,Near_Prime,15,DPD_30,10,25900.14,802,1.247
2024-09-01,Near_Prime,15,DPD_60,3,10748.82,802,0.374
2024-09-01,Near_Prime,15,DPD_90_PLUS,7,19733.99,802,0.873
2024-09-01,Near_Prime,15,Paid_Off,40,0.0,802,4.988
2024-09-01,Near_Prime,16,Charged_Off,46,204076.69,802,5.736
2024-09-01,Near_Prime,16,Current,187,545634.66,802,23.317
2024-09-01,Near_Prime,16,DPD_30,10,30824.55,802,1.247
2024-09-01,Near_Prime,16,DPD_60,3,7334.37,802,0.374
2024-09-01,Near_Prime,16,DPD_90_PLUS,2,7908.63,802,0.249
2024-09-01,Near_Prime,16,Paid_Off,41,0.0,802,5.112
2024-09-01,Near_Prime,17,Charged_Off,47,208568.57,802,5.86
2024-09-01,Near_Prime,17,Current,181,502521.46,802,22.569
2024-09-01,Near_Prime,17,DPD_30,10,33329.97,802,1.247
2024-09-01,Near_Prime,17,DPD_60,4,8744.960000000001,802,0.499
2024-09-01,Near_Prime,17,DPD_90_PLUS,2,5129.09,802,0.249
2024-09-01,Near_Prime,17,Paid_Off,45,0.0,802,5.611
2024-09-01,Near_Prime,18,Charged_Off,49,213697.66,802,6.11
2024-09-01,Near_Prime,18,Current,177,462641.42,802,22.07
2024-09-01,Near_Prime,18,DPD_30,8,31683.35,802,0.998
2024-09-01,Near_Prime,18,DPD_60,4,12127.3,802,0.499
2024-09-01,Near_Prime,18,DPD_90_PLUS,3,5977.74,802,0.374
2024-09-01,Near_Prime,18,Paid_Off,48,0.0,802,5.985
2024-09-01,Near_Prime,19,Charged_Off,51,217047.87,802,6.359
2024-09-01,Near_Prime,19,Current,175,440973.78,802,21.82
2024-09-01,Near_Prime,19,DPD_30,9,30126.5,802,1.122
2024-09-01,Near_Prime,19,DPD_60,2,5404.16,802,0.249
2024-09-01,Near_Prime,19,DPD_90_PLUS,3,9175.21,802,0.374
2024-09-01,Near_Prime,19,Paid_Off,49,0.0,802,6.11
2024-09-01,Near_Prime,20,Charged_Off,54,226223.08,802,6.733
2024-09-01,Near_Prime,20,Current,169,405341.24,802,21.072
2024-09-01,Near_Prime,20,DPD_30,13,39640.74,802,1.621
2024-09-01,Near_Prime,20,DPD_60,2,6161.66,802,0.249
2024-09-01,Near_Prime,20,DPD_90_PLUS,1,2416.96,802,0.125
2024-09-01,Near_Prime,20,Paid_Off,50,0.0,802,6.234
2024-09-01,Near_Prime,21,Charged_Off,55,228640.04,802,6.858
2024-09-01,Near_Prime,21,Current,170,389270.61,802,21.197
2024-09-01,Near_Prime,21,DPD_30,4,10920.34,802,0.499
2024-09-01,Near_Prime,21,DPD_60,4,11570.01,802,0.499
2024-09-01,Near_Prime,21,DPD_90_PLUS,2,5931.63,802,0.249
2024-09-01,Near_Prime,21,Paid_Off,54,0.0,802,6.733
2024-09-01,Near_Prime,22,Charged_Off,56,233240.59,802,6.983
2024-09-01,Near_Prime,22,Current,169,371184.77999999997,802,21.072
2024-09-01,Near_Prime,22,DPD_30,3,9610.400000000001,802,0.374
2024-09-01,Near_Prime,22,DPD_60,1,841.45,802,0.125
2024-09-01,Near_Prime,22,DPD_90_PLUS,4,11565.39,802,0.499
2024-09-01,Near_Prime,22,Paid_Off,56,0.0,802,6.983
2024-09-01,Near_Prime,23,Charged_Off,57,235378.9,802,7.107
2024-09-01,Near_Prime,23,Current,156,334592.72,802,19.451
2024-09-01,Near_Prime,23,DPD_30,12,18445.1,802,1.496
2024-09-01,Near_Prime,23,DPD_60,1,3927.02,802,0.125
2024-09-01,Near_Prime,23,DPD_90_PLUS,4,9819.27,802,0.499
2024-09-01,Near_Prime,23,Paid_Off,59,0.0,802,7.357
2024-09-01,Prime,1,Current,319,2760867.01,802,39.776
2024-09-01,Prime,2,Current,312,2600557.25,802,38.903
2024-09-01,Prime,2,DPD_30,2,9492.49,802,0.249
2024-09-01,Prime,2,Paid_Off,5,0.0,802,0.623
2024-09-01,Prime,3,Current,302,2402509.53,802,37.656
2024-09-01,Prime,3,DPD_30,5,36917.75,802,0.623
2024-09-01,Prime,3,DPD_60,2,9040.58,802,0.249
2024-09-01,Prime,3,Paid_Off,10,0.0,802,1.247
2024-09-01,Prime,4,Current,298,2256558.2,802,37.157
2024-09-01,Prime,4,DPD_30,5,38012.96,802,0.623
2024-09-01,Prime,4,DPD_60,2,5470.33,802,0.249
2024-09-01,Prime,4,DPD_90_PLUS,1,4614.63,802,0.125
2024-09-01,Prime,4,Paid_Off,13,0.0,802,1.621
2024-09-01,Prime,5,Charged_Off,1,4614.63,802,0.125
2024-09-01,Prime,5,Current,292,2114078.4,802,36.409
2024-09-01,Prime,5,DPD_30,7,42763.020000000004,802,0.873
2024-09-01,Prime,5,DPD_90_PLUS,2,5181.09,802,0.249
2024-09-01,Prime,5,Paid_Off,17,0.0,802,2.12
2024-09-01,Prime,6,Charged_Off,3,9795.72,802,0.374
2024-09-01,Prime,6,Current,288,1985382.84,802,35.91
2024-09-01,Prime,6,DPD_30,7,40280.75,802,0.873
2024-09-01,Prime,6,Paid_Off,21,0.0,802,2.618
2024-09-01,Prime,7,Charged_Off,3,9795.72,802,0.374
2024-09-01,Prime,7,Current,279,1835507.83,802,34.788
2024-09-01,Prime,7,DPD_30,12,76422.94,802,1.496
2024-09-01,Prime,7,DPD_60,2,14076.8,802,0.249
2024-09-01,Prime,7,Paid_Off,23,0.0,802,2.868
2024-09-01,Prime,8,Charged_Off,3,9795.72,802,0.374
2024-09-01,Prime,8,Current,277,1747575.21,802,34.539
2024-09-01,Prime,8,DPD_30,9,51872.59,802,1.122
2024-09-01,Prime,8,DPD_60,3,15209.8,802,0.374
2024-09-01,Prime,8,DPD_90_PLUS,2,13434.740000000002,802,0.249
2024-09-01,Prime,8,Paid_Off,25,0.0,802,3.117
2024-09-01,Prime,9,Charged_Off,4,17584.86,802,0.499
2024-09-01,Prime,9,Current,272,1654754.57,802,33.915
2024-09-01,Prime,9,DPD_30,6,32375.11,802,0.748
2024-09-01,Prime,9,DPD_60,4,16873.96,802,0.499
2024-09-01,Prime,9,DPD_90_PLUS,4,19904.47,802,0.499
2024-09-01,Prime,9,Paid_Off,29,0.0,802,3.616
2024-09-01,Prime,10,Charged_Off,7,34913.27,802,0.873
2024-09-01,Prime,10,Current,266,1535597.17,802,33.167
2024-09-01,Prime,10,DPD_30,7,43395.96,802,0.873
2024-09-01,Prime,10,DPD_60,3,17498.23,802,0.374
2024-09-01,Prime,10,DPD_90_PLUS,2,4714.5,802,0.249
2024-09-01,Prime,10,Paid_Off,34,0.0,802,4.239
2024-09-01,Prime,11,Charged_Off,9,39627.77,802,1.122
2024-09-01,Prime,11,Current,257,1405021.25,802,32.045
2024-09-01,Prime,11,DPD_30,13,75008.03,802,1.621
2024-09-01,Prime,11,DPD_60,2,17881.12,802,0.249
2024-09-01,Prime,11,DPD_90_PLUS,1,4710.78,802,0.125
2024-09-01,Prime,11,Paid_Off,37,0.0,802,4.613
2024-09-01,Prime,12,Charged_Off,9,39627.77,802,1.122
2024-09-01,Prime,12,Current,252,1322752.53,802,31.421
2024-09-01,Prime,12,DPD_30,6,36853.89,802,0.748
2024-09-01,Prime,12,DPD_60,5,34571.85,802,0.623
2024-09-01,Prime,12,Paid_Off,47,0.0,802,5.86
2024-09-01,Prime,13,Charged_Off,9,39627.77,802,1.122
2024-09-01,Prime,13,Current,247,1242738.15,802,30.798
2024-09-01,Prime,13,DPD_30,8,45300.82,802,0.998
2024-09-01,Prime,13,DPD_60,2,16870.55,802,0.249
2024-09-01,Prime,13,DPD_90_PLUS,2,10957.2,802,0.249
2024-09-01,Prime,13,Paid_Off,51,0.0,802,6.359
2024-09-01,Prime,14,Charged_Off,10,46300.37,802,1.247
2024-09-01,Prime,14,Current,247,1210494.86,802,30.798
2024-09-01,Prime,14,DPD_30,2,7350.039999999999,802,0.249
2024-09-01,Prime,14,DPD_60,2,13333.38,802,0.249
2024-09-01,Prime,14,DPD_90_PLUS,1,4084.24,802,0.125
2024-09-01,Prime,14,Paid_Off,57,0.0,802,7.107
2024-09-01,Prime,15,Charged_Off,10,46300.37,802,1.247
2024-09-01,Prime,15,Current,241,1133715.4,802,30.05
2024-09-01,Prime,15,DPD_30,6,26112.09,802,0.748
2024-09-01,Prime,15,DPD_90_PLUS,2,6140.42,802,0.249
2024-09-01,Prime,15,Paid_Off,60,0.0,802,7.481
2024-09-01,Prime,16,Charged_Off,10,46300.37,802,1.247
2024-09-01,Prime,16,Current,236,1047955.31,802,29.426
2024-09-01,Prime,16,DPD_30,8,36810.27,802,0.998
2024-09-01,Prime,16,DPD_60,1,5867.15,802,0.125
2024-09-01,Prime,16,DPD_90_PLUS,2,5879.84,802,0.249
2024-09-01,Prime,16,Paid_Off,62,0.0,802,7.731
2024-09-01,Prime,17,Charged_Off,12,52180.21,802,1.496
2024-09-01,Prime,17,Current,233,990202.01,802,29.052
2024-09-01,Prime,17,DPD_30,6,21107.16,802,0.748
2024-09-01,Prime,17,DPD_60,4,20175.25,802,0.499
2024-09-01,Prime,17,Paid_Off,64,0.0,802,7.98
2024-09-01,Prime,18,Charged_Off,12,52180.21,802,1.496
2024-09-01,Prime,18,Current,232,932839.33,802,28.928
2024-09-01,Prime,18,DPD_30,3,13953.81,802,0.374
2024-09-01,Prime,18,DPD_60,1,4031.58,802,0.125
2024-09-01,Prime,18,DPD_90_PLUS,3,15236.32,802,0.374
2024-09-01,Prime,18,Paid_Off,68,0.0,802,8.479
2024-09-01,Prime,19,Charged_Off,14,58338.13,802,1.746
2024-09-01,Prime,19,Current,224,853252.61,802,27.93
2024-09-01,Prime,19,DPD_30,6,28439.38,802,0.748
2024-09-01,Prime,19,DPD_60,1,5470.45,802,0.125
2024-09-01,Prime,19,DPD_90_PLUS,1,8699.96,802,0.125
2024-09-01,Prime,19,Paid_Off,73,0.0,802,9.102
2024-09-01,Prime,20,Charged_Off,15,67038.09,802,1.87
2024-09-01,Prime,20,Current,220,794521.01,802,27.431
2024-09-01,Prime,20,DPD_30,6,32424.59,802,0.748
2024-09-01,Prime,20,DPD_60,2,7736.21,802,0.249
2024-09-01,Prime,20,DPD_90_PLUS,1,5256.6,802,0.125
2024-09-01,Prime,20,Paid_Off,75,0.0,802,9.352
2024-09-01,Prime,21,Charged_Off,16,72294.69,802,1.995
2024-09-01,Prime,21,Current,217,745384.76,802,27.057
2024-09-01,Prime,21,DPD_30,7,35992.39,802,0.873
2024-09-01,Prime,21,DPD_60,1,6547.6,802,0.125
2024-09-01,Prime,21,DPD_90_PLUS,2,7451.08,802,0.249
2024-09-01,Prime,21,Paid_Off,76,0.0,802,9.476
2024-09-01,Prime,22,Charged_Off,17,76134.62,802,2.12
2024-09-01,Prime,22,Current,217,720564.03,802,27.057
2024-09-01,Prime,22,DPD_30,2,9961.970000000001,802,0.249
2024-09-01,Prime,22,DPD_60,3,13973.96,802,0.374
2024-09-01,Prime,22,DPD_90_PLUS,2,9683.32,802,0.249
2024-09-01,Prime,22,Paid_Off,78,0.0,802,9.726
2024-09-01,Prime,23,Charged_Off,19,85817.94,802,2.369
2024-09-01,Prime,23,Current,207,656151.15,802,25.81
2024-09-01,Prime,23,DPD_30,6,15798.01,802,0.748
2024-09-01,Prime,23,DPD_60,3,17166.08,802,0.374
2024-09-01,Prime,23,DPD_90_PLUS,2,5617.79,802,0.249
2024-09-01,Prime,23,Paid_Off,82,0.0,802,10.224
2024-09-01,Subprime,1,Current,194,629393.35,802,24.19
2024-09-01,Subprime,2,Current,180,562319.06,802,22.444
2024-09-01,Subprime,2,DPD_30,11,32685.59,802,1.372
2024-09-01,Subprime,2,Paid_Off,3,0.0,802,0.374
2024-09-01,Subprime,3,Current,171,508947.8,802,21.322
2024-09-01,Subprime,3,DPD_30,14,41053.69,802,1.746
2024-09-01,Subprime,3,DPD_60,2,8943.380000000001,802,0.249
2024-09-01,Subprime,3,Paid_Off,7,0.0,802,0.873
2024-09-01,Subprime,4,Current,162,463040.29,802,20.2
2024-09-01,Subprime,4,DPD_30,15,40014.32,802,1.87
2024-09-01,Subprime,4,DPD_60,4,13708.69,802,0.499
2024-09-01,Subprime,4,DPD_90_PLUS,1,5346.96,802,0.125
2024-09-01,Subprime,4,Paid_Off,12,0.0,802,1.496
2024-09-01,Subprime,5,Current,153,418066.66,802,19.077
2024-09-01,Subprime,5,DPD_30,20,51276.3,802,2.494
2024-09-01,Subprime,5,DPD_60,5,15529.55,802,0.623
2024-09-01,Subprime,5,DPD_90_PLUS,3,10353.84,802,0.374
2024-09-01,Subprime,5,Paid_Off,13,0.0,802,1.621
2024-09-01,Subprime,6,Charged_Off,1,2235.27,802,0.125
2024-09-01,Subprime,6,Current,147,383539.54,802,18.329
2024-09-01,Subprime,6,DPD_30,16,41008.42,802,1.995
2024-09-01,Subprime,6,DPD_60,8,19724.03,802,0.998
2024-09-01,Subprime,6,DPD_90_PLUS,6,19350.399999999998,802,0.748
2024-09-01,Subprime,6,Paid_Off,16,0.0,802,1.995
2024-09-01,Subprime,7,Charged_Off,5,15376.99,802,0.623
2024-09-01,Subprime,7,Current,136,339786.07,802,16.958
2024-09-01,Subprime,7,DPD_30,16,41415.09,802,1.995
2024-09-01,Subprime,7,DPD_60,7,16897.18,802,0.873
2024-09-01,Subprime,7,DPD_90_PLUS,8,18742.81,802,0.998
2024-09-01,Subprime,7,Paid_Off,22,0.0,802,2.743
2024-09-01,Subprime,8,Charged_Off,11,28661.84,802,1.372
2024-09-01,Subprime,8,Current,132,319959.07,802,16.459
2024-09-01,Subprime,8,DPD_30,13,26817.59,802,1.621
2024-09-01,Subprime,8,DPD_60,7,17598.21,802,0.873
2024-09-01,Subprime,8,DPD_90_PLUS,7,16095.25,802,0.873
2024-09-01,Subprime,8,Paid_Off,24,0.0,802,2.993
2024-09-01,Subprime,9,Charged_Off,13,31691.38,802,1.621
2024-09-01,Subprime,9,Current,127,293362.36,802,15.835
2024-09-01,Subprime,9,DPD_30,11,21256.52,802,1.372
2024-09-01,Subprime,9,DPD_60,10,23269.65,802,1.247
2024-09-01,Subprime,9,DPD_90_PLUS,7,16559.12,802,0.873
2024-09-01,Subprime,9,Paid_Off,26,0.0,802,3.242
2024-09-01,Subprime,10,Charged_Off,16,38770.17,802,1.995
2024-09-01,Subprime,10,Current,115,251502.68,802,14.339
2024-09-01,Subprime,10,DPD_30,17,36052.4,802,2.12
2024-09-01,Subprime,10,DPD_60,6,13336.85,802,0.748
2024-09-01,Subprime,10,DPD_90_PLUS,11,23717.23,802,1.372
2024-09-01,Subprime,10,Paid_Off,29,0.0,802,3.616
2024-09-01,Subprime,11,Charged_Off,23,56377.75,802,2.868
2024-09-01,Subprime,11,Current,108,229456.92,802,13.466
2024-09-01,Subprime,11,DPD_30,20,37946.67,802,2.494
2024-09-01,Subprime,11,DPD_60,6,12345.59,802,0.748
2024-09-01,Subprime,11,DPD_90_PLUS,7,12187.23,802,0.873
2024-09-01,Subprime,11,Paid_Off,30,0.0,802,3.741
2024-09-01,Subprime,12,Charged_Off,28,65664.12,802,3.491
2024-09-01,Subprime,12,Current,107,209880.72,802,13.342
2024-09-01,Subprime,12,DPD_30,13,32087.59,802,1.621
2024-09-01,Subprime,12,DPD_60,7,12775.54,802,0.873
2024-09-01,Subprime,12,DPD_90_PLUS,7,12653.04,802,0.873
2024-09-01,Subprime,12,Paid_Off,32,0.0,802,3.99
2024-09-01,Subprime,13,Charged_Off,31,71477.41,802,3.865
2024-09-01,Subprime,13,Current,104,198951.01,802,12.968
2024-09-01,Subprime,13,DPD_30,10,18526.68,802,1.247
2024-09-01,Subprime,13,DPD_60,7,14913.97,802,0.873
2024-09-01,Subprime,13,DPD_90_PLUS,9,16128.18,802,1.122
2024-09-01,Subprime,13,Paid_Off,33,0.0,802,4.115
2024-09-01,Subprime,14,Charged_Off,35,79078.45,802,4.364
2024-09-01,Subprime,14,Current,96,176750.4,802,11.97
2024-09-01,Subprime,14,DPD_30,10,14562.25,802,1.247
2024-09-01,Subprime,14,DPD_60,8,16872.39,802,0.998
2024-09-01,Subprime,14,DPD_90_PLUS,9,16353.79,802,1.122
2024-09-01,Subprime,14,Paid_Off,36,0.0,802,4.489
2024-09-01,Subprime,15,Charged_Off,37,82584.06999999999,802,4.613
2024-09-01,Subprime,15,Current,89,153112.69,802,11.097
2024-09-01,Subprime,15,DPD_30,14,21666.05,802,1.746
2024-09-01,Subprime,15,DPD_60,4,7612.04,802,0.499
2024-09-01,Subprime,15,DPD_90_PLUS,10,17644.25,802,1.247
2024-09-01,Subprime,15,Paid_Off,40,0.0,802,4.988
2024-09-01,Subprime,16,Charged_Off,42,90271.39,802,5.237
2024-09-01,Subprime,16,Current,86,143083.48,802,10.723
2024-09-01,Subprime,16,DPD_30,9,13012.33,802,1.122
2024-09-01,Subprime,16,DPD_60,9,14662.78,802,1.122
2024-09-01,Subprime,16,DPD_90_PLUS,6,10806.86,802,0.748
2024-09-01,Subprime,16,Paid_Off,42,0.0,802,5.237
2024-09-01,Subprime,17,Charged_Off,45,94764.1,802,5.611
2024-09-01,Subprime,17,Current,80,130357.81999999999,802,9.975
2024-09-01,Subprime,17,DPD_30,11,13828.3,802,1.372
2024-09-01,Subprime,17,DPD_60,4,3336.66,802,0.499
2024-09-01,Subprime,17,DPD_90_PLUS,10,18695.57,802,1.247
2024-09-01,Subprime,17,Paid_Off,44,0.0,802,5.486
2024-09-01,Subprime,18,Charged_Off,51,105411.49,802,6.359
2024-09-01,Subprime,18,Current,79,120662.35,802,9.85
2024-09-01,Subprime,18,DPD_30,7,9425.08,802,0.873
2024-09-01,Subprime,18,DPD_60,7,10185.42,802,0.873
2024-09-01,Subprime,18,DPD_90_PLUS,5,8244.1,802,0.623
2024-09-01,Subprime,18,Paid_Off,45,0.0,802,5.611
2024-09-01,Subprime,19,Charged_Off,53,110402.53,802,6.608
2024-09-01,Subprime,19,Current,73,107063.65,802,9.102
2024-09-01,Subprime,19,DPD_30,11,16801.98,802,1.372
2024-09-01,Subprime,19,DPD_60,4,4639.85,802,0.499
2024-09-01,Subprime,19,DPD_90_PLUS,6,6556.68,802,0.748
2024-09-01,Subprime,19,Paid_Off,47,0.0,802,5.86
2024-09-01,Subprime,20,Charged_Off,57,115675.56,802,7.107
2024-09-01,Subprime,20,Current,67,95522.36,802,8.354
2024-09-01,Subprime,20,DPD_30,10,13858.57,802,1.247
2024-09-01,Subprime,20,DPD_60,5,5996.74,802,0.623
2024-09-01,Subprime,20,DPD_90_PLUS,5,4149.68,802,0.623
2024-09-01,Subprime,20,Paid_Off,50,0.0,802,6.234
2024-09-01,Subprime,21,Charged_Off,60,118047.12,802,7.481
2024-09-01,Subprime,21,Current,65,87034.15,802,8.105
2024-09-01,Subprime,21,DPD_30,4,5763.14,802,0.499
2024-09-01,Subprime,21,DPD_60,10,10460.62,802,1.247
2024-09-01,Subprime,21,DPD_90_PLUS,3,4975.3,802,0.374
2024-09-01,Subprime,21,Paid_Off,52,0.0,802,6.484
2024-09-01,Subprime,22,Charged_Off,61,119303.31,802,7.606
2024-09-01,Subprime,22,Current,59,77476.51,802,7.357
2024-09-01,Subprime,22,DPD_30,6,4053.42,802,0.748
2024-09-01,Subprime,22,DPD_60,6,7858.75,802,0.748
2024-09-01,Subprime,22,DPD_90_PLUS,7,8797.52,802,0.873
2024-09-01,Subprime,22,Paid_Off,55,0.0,802,6.858
2024-09-01,Subprime,23,Charged_Off,67,126023.27,802,8.354
2024-09-01,Subprime,23,Current,59,72405.23,802,7.357
2024-09-01,Subprime,23,DPD_30,5,5027.63,802,0.623
2024-09-01,Subprime,23,DPD_60,3,4995.89,802,0.374
2024-09-01,Subprime,23,DPD_90_PLUS,4,4524.1,802,0.499
2024-09-01,Subprime,23,Paid_Off,56,0.0,802,6.983
2024-10-01,Near_Prime,1,Current,374,2205044.77,1125,33.244
2024-10-01,Near_Prime,2,Current,359,2015168.81,1125,31.911
2024-10-01,Near_Prime,2,DPD_30,10,67531.09,1125,0.889
2024-10-01,Near_Prime,2,Paid_Off,5,0.0,1125,0.444
2024-10-01,Near_Prime,3,Current,342,1847078.07,1125,30.4
2024-10-01,Near_Prime,3,DPD_30,15,82622.04000000001,1125,1.333
2024-10-01,Near_Prime,3,DPD_60,2,18090.81,1125,0.178
2024-10-01,Near_Prime,3,Paid_Off,15,0.0,1125,1.333
2024-10-01,Near_Prime,4,Current,325,1679066.51,1125,28.889
2024-10-01,Near_Prime,4,DPD_30,15,67902.63,1125,1.333
2024-10-01,Near_Prime,4,DPD_60,7,49587.95,1125,0.622
2024-10-01,Near_Prime,4,DPD_90_PLUS,2,17400.98,1125,0.178
2024-10-01,Near_Prime,4,Paid_Off,25,0.0,1125,2.222
2024-10-01,Near_Prime,5,Charged_Off,2,17400.98,1125,0.178
2024-10-01,Near_Prime,5,Current,307,1495301.33,1125,27.289
2024-10-01,Near_Prime,5,DPD_30,22,113744.74,1125,1.956
2024-10-01,Near_Prime,5,DPD_60,6,43293.82,1125,0.533
2024-10-01,Near_Prime,5,DPD_90_PLUS,4,13116.51,1125,0.356
2024-10-01,Near_Prime,5,Paid_Off,33,0.0,1125,2.933
2024-10-01,Near_Prime,6,Charged_Off,4,21884.1,1125,0.356
2024-10-01,Near_Prime,6,Current,302,1399421.17,1125,26.844
2024-10-01,Near_Prime,6,DPD_30,10,56803.950000000004,1125,0.889
2024-10-01,Near_Prime,6,DPD_60,13,62508.659999999996,1125,1.156
2024-10-01,Near_Prime,6,DPD_90_PLUS,6,36830.93,1125,0.533
2024-10-01,Near_Prime,6,Paid_Off,39,0.0,1125,3.467
2024-10-01,Near_Prime,7,Charged_Off,7,35293.52,1125,0.622
2024-10-01,Near_Prime,7,Current,293,1287506.81,1125,26.044
2024-10-01,Near_Prime,7,DPD_30,14,70446.46,1125,1.244
2024-10-01,Near_Prime,7,DPD_60,5,11645.61,1125,0.444
2024-10-01,Near_Prime,7,DPD_90_PLUS,10,59517.909999999996,1125,0.889
2024-10-01,Near_Prime,7,Paid_Off,45,0.0,1125,4.0
2024-10-01,Near_Prime,8,Charged_Off,14,66814.83,1125,1.244
2024-10-01,Near_Prime,8,Current,285,1191587.42,1125,25.333
2024-10-01,Near_Prime,8,DPD_30,15,70212.09,1125,1.333
2024-10-01,Near_Prime,8,DPD_60,7,32833.52,1125,0.622
2024-10-01,Near_Prime,8,DPD_90_PLUS,7,36480.590000000004,1125,0.622
2024-10-01,Near_Prime,8,Paid_Off,46,0.0,1125,4.089
2024-10-01,Near_Prime,9,Charged_Off,17,74709.43,1125,1.511
2024-10-01,Near_Prime,9,Current,271,1102511.53,1125,24.089
2024-10-01,Near_Prime,9,DPD_30,17,65112.22,1125,1.511
2024-10-01,Near_Prime,9,DPD_60,7,25679.57,1125,0.622
2024-10-01,Near_Prime,9,DPD_90_PLUS,7,43991.65,1125,0.622
2024-10-01,Near_Prime,9,Paid_Off,55,0.0,1125,4.889
2024-10-01,Near_Prime,10,Charged_Off,22,99570.43,1125,1.956
2024-10-01,Near_Prime,10,Current,258,1017573.17,1125,22.933
2024-10-01,Near_Prime,10,DPD_30,18,63462.49,1125,1.6
2024-10-01,Near_Prime,10,DPD_60,4,15856.23,1125,0.356
2024-10-01,Near_Prime,10,DPD_90_PLUS,9,42788.72,1125,0.8
2024-10-01,Near_Prime,10,Paid_Off,63,0.0,1125,5.6
2024-10-01,Near_Prime,11,Charged_Off,28,132948.78,1125,2.489
2024-10-01,Near_Prime,11,Current,246,924504.69,1125,21.867
2024-10-01,Near_Prime,11,DPD_30,11,33141.16,1125,0.978
2024-10-01,Near_Prime,11,DPD_60,10,38341.11,1125,0.889
2024-10-01,Near_Prime,11,DPD_90_PLUS,5,18455.62,1125,0.444
2024-10-01,Near_Prime,11,Paid_Off,74,0.0,1125,6.578
2024-10-01,Near_Prime,12,Charged_Off,28,132948.78,1125,2.489
2024-10-01,Near_Prime,12,Current,243,867070.22,1125,21.6
2024-10-01,Near_Prime,12,DPD_30,8,26058.24,1125,0.711
2024-10-01,Near_Prime,12,DPD_60,6,22219.02,1125,0.533
2024-10-01,Near_Prime,12,DPD_90_PLUS,13,44008.73,1125,1.156
2024-10-01,Near_Prime,12,Paid_Off,76,0.0,1125,6.756
2024-10-01,Near_Prime,13,Charged_Off,37,167711.9,1125,3.289
2024-10-01,Near_Prime,13,Current,236,812724.35,1125,20.978
2024-10-01,Near_Prime,13,DPD_30,9,24965.86,1125,0.8
2024-10-01,Near_Prime,13,DPD_60,5,10014.74,1125,0.444
2024-10-01,Near_Prime,13,DPD_90_PLUS,8,26133.75,1125,0.711
2024-10-01,Near_Prime,13,Paid_Off,79,0.0,1125,7.022
2024-10-01,Near_Prime,14,Charged_Off,41,181376.9,1125,3.644
2024-10-01,Near_Prime,14,Current,230,750699.79,1125,20.444
2024-10-01,Near_Prime,14,DPD_30,9,28417.4,1125,0.8
2024-10-01,Near_Prime,14,DPD_60,7,19915.44,1125,0.622
2024-10-01,Near_Prime,14,DPD_90_PLUS,6,16021.039999999999,1125,0.533
2024-10-01,Near_Prime,14,Paid_Off,81,0.0,1125,7.2
2024-10-01,Near_Prime,15,Charged_Off,46,194335.49,1125,4.089
2024-10-01,Near_Prime,15,Current,226,703556.76,1125,20.089
2024-10-01,Near_Prime,15,DPD_30,14,49876.38,1125,1.244
2024-10-01,Near_Prime,15,DPD_60,2,3639.8100000000004,1125,0.178
2024-10-01,Near_Prime,15,DPD_90_PLUS,4,7735.75,1125,0.356
2024-10-01,Near_Prime,15,Paid_Off,82,0.0,1125,7.289
2024-10-01,Near_Prime,16,Charged_Off,47,196928.04,1125,4.178
2024-10-01,Near_Prime,16,Current,223,668490.09,1125,19.822
2024-10-01,Near_Prime,16,DPD_30,9,20534.07,1125,0.8
2024-10-01,Near_Prime,16,DPD_60,5,23079.38,1125,0.444
2024-10-01,Near_Prime,16,DPD_90_PLUS,4,5530.59,1125,0.356
2024-10-01,Near_Prime,16,Paid_Off,86,0.0,1125,7.644
2024-10-01,Near_Prime,17,Charged_Off,49,199036.9,1125,4.356
2024-10-01,Near_Prime,17,Current,213,614883.7,1125,18.933
2024-10-01,Near_Prime,17,DPD_30,17,41840.51,1125,1.511
2024-10-01,Near_Prime,17,DPD_60,1,536.44,1125,0.089
2024-10-01,Near_Prime,17,DPD_90_PLUS,6,19615.03,1125,0.533
2024-10-01,Near_Prime,17,Paid_Off,88,0.0,1125,7.822
2024-10-01,Near_Prime,18,Charged_Off,51,203091.99,1125,4.533
2024-10-01,Near_Prime,18,Current,205,562923.05,1125,18.222
2024-10-01,Near_Prime,18,DPD_30,15,43464.340000000004,1125,1.333
2024-10-01,Near_Prime,18,DPD_60,9,17992.53,1125,0.8
2024-10-01,Near_Prime,18,DPD_90_PLUS,4,14740.150000000001,1125,0.356
2024-10-01,Near_Prime,18,Paid_Off,90,0.0,1125,8.0
2024-10-01,Near_Prime,19,Charged_Off,52,205524.99,1125,4.622
2024-10-01,Near_Prime,19,Current,205,543874.26,1125,18.222
2024-10-01,Near_Prime,19,DPD_30,5,8808.84,1125,0.444
2024-10-01,Near_Prime,19,DPD_60,8,24334.88,1125,0.711
2024-10-01,Near_Prime,19,DPD_90_PLUS,10,22718.940000000002,1125,0.889
2024-10-01,Near_Prime,19,Paid_Off,94,0.0,1125,8.356
2024-10-01,Near_Prime,20,Charged_Off,57,221651.93,1125,5.067
2024-10-01,Near_Prime,20,Current,199,508852.68,1125,17.689
2024-10-01,Near_Prime,20,DPD_30,8,19252.55,1125,0.711
2024-10-01,Near_Prime,20,DPD_60,5,7505.68,1125,0.444
2024-10-01,Near_Prime,20,DPD_90_PLUS,8,16400.27,1125,0.711
2024-10-01,Near_Prime,20,Paid_Off,97,0.0,1125,8.622
2024-10-01,Near_Prime,21,Charged_Off,62,230830.33,1125,5.511
2024-10-01,Near_Prime,21,Current,192,477169.93,1125,17.067
2024-10-01,Near_Prime,21,DPD_30,11,20311.81,1125,0.978
2024-10-01,Near_Prime,21,DPD_60,5,6161.18,1125,0.444
2024-10-01,Near_Prime,21,DPD_90_PLUS,6,12117.95,1125,0.533
2024-10-01,Near_Prime,21,Paid_Off,98,0.0,1125,8.711
2024-10-01,Near_Prime,22,Charged_Off,64,236093.05,1125,5.689
2024-10-01,Near_Prime,22,Current,189,440077.44,1125,16.8
2024-10-01,Near_Prime,22,DPD_30,8,22064.059999999998,1125,0.711
2024-10-01,Near_Prime,22,DPD_60,5,7096.13,1125,0.444
2024-10-01,Near_Prime,22,DPD_90_PLUS,7,10291.49,1125,0.622
2024-10-01,Near_Prime,22,Paid_Off,101,0.0,1125,8.978
2024-10-01,Prime,1,Current,474,4072222.56,1125,42.133
2024-10-01,Prime,2,Current,455,3738814.42,1125,40.444
2024-10-01,Prime,2,DPD_30,12,106923.89,1125,1.067
2024-10-01,Prime,2,Paid_Off,7,0.0,1125,0.622
2024-10-01,Prime,3,Current,450,3535571.09,1125,40.0
2024-10-01,Prime,3,DPD_30,10,85956.0,1125,0.889
2024-10-01,Prime,3,DPD_60,3,24578.57,1125,0.267
2024-10-01,Prime,3,Paid_Off,11,0.0,1125,0.978
2024-10-01,Prime,4,Current,444,3334155.61,1125,39.467
2024-10-01,Prime,4,DPD_30,7,28642.809999999998,1125,0.622
2024-10-01,Prime,4,DPD_60,1,11306.54,1125,0.089
2024-10-01,Prime,4,DPD_90_PLUS,3,23376.9,1125,0.267
2024-10-01,Prime,4,Paid_Off,19,0.0,1125,1.689
2024-10-01,Prime,5,Current,429,3061369.39,1125,38.133
2024-10-01,Prime,5,DPD_30,15,114172.47,1125,1.333
2024-10-01,Prime,5,DPD_60,1,1432.84,1125,0.089
2024-10-01,Prime,5,DPD_90_PLUS,4,33106.24,1125,0.356
2024-10-01,Prime,5,Paid_Off,25,0.0,1125,2.222
2024-10-01,Prime,6,Charged_Off,2,8372.53,1125,0.178
2024-10-01,Prime,6,Current,424,2913268.57,1125,37.689
2024-10-01,Prime,6,DPD_30,8,59715.770000000004,1125,0.711
2024-10-01,Prime,6,DPD_60,5,36535.01,1125,0.444
2024-10-01,Prime,6,DPD_90_PLUS,2,11639.84,1125,0.178
2024-10-01,Prime,6,Paid_Off,33,0.0,1125,2.933
2024-10-01,Prime,7,Charged_Off,4,20012.37,1125,0.356
2024-10-01,Prime,7,Current,399,2620311.56,1125,35.467
2024-10-01,Prime,7,DPD_30,17,134149.99,1125,1.511
2024-10-01,Prime,7,DPD_60,5,34882.840000000004,1125,0.444
2024-10-01,Prime,7,DPD_90_PLUS,3,13349.26,1125,0.267
2024-10-01,Prime,7,Paid_Off,46,0.0,1125,4.089
2024-10-01,Prime,8,Charged_Off,5,22912.59,1125,0.444
2024-10-01,Prime,8,Current,397,2508722.08,1125,35.289
2024-10-01,Prime,8,DPD_30,6,39125.93,1125,0.533
2024-10-01,Prime,8,DPD_60,6,44939.98,1125,0.533
2024-10-01,Prime,8,DPD_90_PLUS,5,27985.85,1125,0.444
2024-10-01,Prime,8,Paid_Off,55,0.0,1125,4.889
2024-10-01,Prime,9,Charged_Off,6,27829.739999999998,1125,0.533
2024-10-01,Prime,9,Current,389,2315566.0,1125,34.578
2024-10-01,Prime,9,DPD_30,9,76843.16,1125,0.8
2024-10-01,Prime,9,DPD_60,3,14265.23,1125,0.267
2024-10-01,Prime,9,DPD_90_PLUS,6,39766.909999999996,1125,0.533
2024-10-01,Prime,9,Paid_Off,61,0.0,1125,5.422
2024-10-01,Prime,10,Charged_Off,10,54888.56,1125,0.889
2024-10-01,Prime,10,Current,390,2231995.54,1125,34.667
2024-10-01,Prime,10,DPD_30,4,34973.18,1125,0.356
2024-10-01,Prime,10,DPD_60,1,1543.18,1125,0.089
2024-10-01,Prime,10,DPD_90_PLUS,4,24210.26,1125,0.356
2024-10-01,Prime,10,Paid_Off,65,0.0,1125,5.778
2024-10-01,Prime,11,Charged_Off,13,74438.92,1125,1.156
2024-10-01,Prime,11,Current,372,2038538.84,1125,33.067
2024-10-01,Prime,11,DPD_30,8,41649.42,1125,0.711
2024-10-01,Prime,11,DPD_60,3,19656.379999999997,1125,0.267
2024-10-01,Prime,11,DPD_90_PLUS,1,4504.42,1125,0.089
2024-10-01,Prime,11,Paid_Off,77,0.0,1125,6.844
2024-10-01,Prime,12,Charged_Off,13,74438.92,1125,1.156
2024-10-01,Prime,12,Current,360,1878336.93,1125,32.0
2024-10-01,Prime,12,DPD_30,9,50922.28,1125,0.8
2024-10-01,Prime,12,DPD_60,5,26083.45,1125,0.444
2024-10-01,Prime,12,DPD_90_PLUS,4,22915.260000000002,1125,0.356
2024-10-01,Prime,12,Paid_Off,83,0.0,1125,7.378
2024-10-01,Prime,13,Charged_Off,15,80137.52,1125,1.333
2024-10-01,Prime,13,Current,348,1750842.6199999999,1125,30.933
2024-10-01,Prime,13,DPD_30,12,48656.51,1125,1.067
2024-10-01,Prime,13,DPD_60,6,32561.16,1125,0.533
2024-10-01,Prime,13,DPD_90_PLUS,5,26308.27,1125,0.444
2024-10-01,Prime,13,Paid_Off,88,0.0,1125,7.822
2024-10-01,Prime,14,Charged_Off,18,97248.8,1125,1.6
2024-10-01,Prime,14,Current,341,1645785.36,1125,30.311
2024-10-01,Prime,14,DPD_30,9,39226.770000000004,1125,0.8
2024-10-01,Prime,14,DPD_60,4,12966.789999999999,1125,0.356
2024-10-01,Prime,14,DPD_90_PLUS,7,34081.67,1125,0.622
2024-10-01,Prime,14,Paid_Off,95,0.0,1125,8.444
2024-10-01,Prime,15,Charged_Off,24,125889.22,1125,2.133
2024-10-01,Prime,15,Current,333,1529956.8,1125,29.6
2024-10-01,Prime,15,DPD_30,7,33870.79,1125,0.622
2024-10-01,Prime,15,DPD_60,6,17109.71,1125,0.533
2024-10-01,Prime,15,DPD_90_PLUS,2,7849.16,1125,0.178
2024-10-01,Prime,15,Paid_Off,102,0.0,1125,9.067
2024-10-01,Prime,16,Charged_Off,26,133738.38,1125,2.311
2024-10-01,Prime,16,Current,328,1427497.16,1125,29.156
2024-10-01,Prime,16,DPD_30,4,26969.54,1125,0.356
2024-10-01,Prime,16,DPD_60,3,14449.79,1125,0.267
2024-10-01,Prime,16,DPD_90_PLUS,4,6997.13,1125,0.356
2024-10-01,Prime,16,Paid_Off,109,0.0,1125,9.689
2024-10-01,Prime,17,Charged_Off,27,136010.86,1125,2.4
2024-10-01,Prime,17,Current,320,1337230.08,1125,28.444
2024-10-01,Prime,17,DPD_30,5,18484.14,1125,0.444
2024-10-01,Prime,17,DPD_60,5,28124.47,1125,0.444
2024-10-01,Prime,17,DPD_90_PLUS,3,4502.7,1125,0.267
2024-10-01,Prime,17,Paid_Off,114,0.0,1125,10.133
2024-10-01,Prime,18,Charged_Off,29,139335.56,1125,2.578
2024-10-01,Prime,18,Current,312,1232146.08,1125,27.733
2024-10-01,Prime,18,DPD_30,9,41788.82,1125,0.8
2024-10-01,Prime,18,DPD_60,3,17598.0,1125,0.267
2024-10-01,Prime,18,DPD_90_PLUS,5,20400.6,1125,0.444
2024-10-01,Prime,18,Paid_Off,116,0.0,1125,10.311
2024-10-01,Prime,19,Charged_Off,31,148588.98,1125,2.756
2024-10-01,Prime,19,Current,310,1164646.89,1125,27.556
2024-10-01,Prime,19,DPD_30,6,25514.33,1125,0.533
2024-10-01,Prime,19,DPD_60,2,10633.060000000001,1125,0.178
2024-10-01,Prime,19,DPD_90_PLUS,5,20124.989999999998,1125,0.444
2024-10-01,Prime,19,Paid_Off,120,0.0,1125,10.667
2024-10-01,Prime,20,Charged_Off,34,162620.07,1125,3.022
2024-10-01,Prime,20,Current,304,1092924.38,1125,27.022
2024-10-01,Prime,20,DPD_30,9,32804.28,1125,0.8
2024-10-01,Prime,20,DPD_60,3,12383.689999999999,1125,0.267
2024-10-01,Prime,20,DPD_90_PLUS,2,8029.7699999999995,1125,0.178
2024-10-01,Prime,20,Paid_Off,122,0.0,1125,10.844
2024-10-01,Prime,21,Charged_Off,35,169618.23,1125,3.111
2024-10-01,Prime,21,Current,298,1018214.86,1125,26.489
2024-10-01,Prime,21,DPD_30,4,16568.93,1125,0.356
2024-10-01,Prime,21,DPD_60,4,12460.24,1125,0.356
2024-10-01,Prime,21,DPD_90_PLUS,4,12803.33,1125,0.356
2024-10-01,Prime,21,Paid_Off,129,0.0,1125,11.467
2024-10-01,Prime,22,Charged_Off,36,173843.83,1125,3.2
2024-10-01,Prime,22,Current,292,956451.81,1125,25.956
2024-10-01,Prime,22,DPD_30,8,25375.67,1125,0.711
2024-10-01,Prime,22,DPD_90_PLUS,5,12512.960000000001,1125,0.444
2024-10-01,Prime,22,Paid_Off,133,0.0,1125,11.822
2024-10-01,Subprime,1,Current,277,971037.94,1125,24.622
2024-10-01,Subprime,2,Current,236,812320.07,1125,20.978
2024-10-01,Subprime,2,DPD_30,32,77903.17,1125,2.844
2024-10-01,Subprime,2,Paid_Off,9,0.0,1125,0.8
2024-10-01,Subprime,3,Current,232,756590.68,1125,20.622
2024-10-01,Subprime,3,DPD_30,21,58678.15,1125,1.867
2024-10-01,Subprime,3,DPD_60,12,25634.170000000002,1125,1.067
2024-10-01,Subprime,3,Paid_Off,12,0.0,1125,1.067
2024-10-01,Subprime,4,Current,217,665508.82,1125,19.289
2024-10-01,Subprime,4,DPD_30,23,71605.62,1125,2.044
2024-10-01,Subprime,4,DPD_60,13,31490.95,1125,1.156
2024-10-01,Subprime,4,DPD_90_PLUS,6,14488.380000000001,1125,0.533
2024-10-01,Subprime,4,Paid_Off,18,0.0,1125,1.6
2024-10-01,Subprime,5,Charged_Off,4,12391.35,1125,0.356
2024-10-01,Subprime,5,Current,204,623285.86,1125,18.133
2024-10-01,Subprime,5,DPD_30,25,49904.9,1125,2.222
2024-10-01,Subprime,5,DPD_60,12,41197.17,1125,1.067
2024-10-01,Subprime,5,DPD_90_PLUS,10,16230.74,1125,0.889
2024-10-01,Subprime,5,Paid_Off,22,0.0,1125,1.956
2024-10-01,Subprime,6,Charged_Off,7,15093.26,1125,0.622
2024-10-01,Subprime,6,Current,196,561315.13,1125,17.422
2024-10-01,Subprime,6,DPD_30,21,53032.69,1125,1.867
2024-10-01,Subprime,6,DPD_60,12,26339.92,1125,1.067
2024-10-01,Subprime,6,DPD_90_PLUS,16,41850.92,1125,1.422
2024-10-01,Subprime,6,Paid_Off,25,0.0,1125,2.222
2024-10-01,Subprime,7,Charged_Off,19,47194.75,1125,1.689
2024-10-01,Subprime,7,Current,190,520084.68,1125,16.889
2024-10-01,Subprime,7,DPD_30,16,33296.46,1125,1.422
2024-10-01,Subprime,7,DPD_60,9,20246.03,1125,0.8
2024-10-01,Subprime,7,DPD_90_PLUS,13,28689.13,1125,1.156
2024-10-01,Subprime,7,Paid_Off,30,0.0,1125,2.667
2024-10-01,Subprime,8,Charged_Off,25,59770.84,1125,2.222
2024-10-01,Subprime,8,Current,180,465555.66,1125,16.0
2024-10-01,Subprime,8,DPD_30,20,48828.12,1125,1.778
2024-10-01,Subprime,8,DPD_60,6,13736.27,1125,0.533
2024-10-01,Subprime,8,DPD_90_PLUS,12,24525.54,1125,1.067
2024-10-01,Subprime,8,Paid_Off,34,0.0,1125,3.022
2024-10-01,Subprime,9,Charged_Off,31,74738.41,1125,2.756
2024-10-01,Subprime,9,Current,174,425216.08,1125,15.467
2024-10-01,Subprime,9,DPD_30,15,37223.64,1125,1.333
2024-10-01,Subprime,9,DPD_60,10,20336.55,1125,0.889
2024-10-01,Subprime,9,DPD_90_PLUS,10,18827.4,1125,0.889
2024-10-01,Subprime,9,Paid_Off,37,0.0,1125,3.289
2024-10-01,Subprime,10,Charged_Off,36,82099.23,1125,3.2
2024-10-01,Subprime,10,Current,171,405336.31,1125,15.2
2024-10-01,Subprime,10,DPD_30,15,26743.34,1125,1.333
2024-10-01,Subprime,10,DPD_60,7,17240.61,1125,0.622
2024-10-01,Subprime,10,DPD_90_PLUS,10,20697.43,1125,0.889
2024-10-01,Subprime,10,Paid_Off,38,0.0,1125,3.378
2024-10-01,Subprime,11,Charged_Off,42,96695.1,1125,3.733
2024-10-01,Subprime,11,Current,158,362767.55,1125,14.044
2024-10-01,Subprime,11,DPD_30,19,34779.03,1125,1.689
2024-10-01,Subprime,11,DPD_60,10,19299.17,1125,0.889
2024-10-01,Subprime,11,DPD_90_PLUS,6,10288.69,1125,0.533
2024-10-01,Subprime,11,Paid_Off,42,0.0,1125,3.733
2024-10-01,Subprime,12,Charged_Off,47,106223.13,1125,4.178
2024-10-01,Subprime,12,Current,152,339017.13,1125,13.511
2024-10-01,Subprime,12,DPD_30,15,24874.72,1125,1.333
2024-10-01,Subprime,12,DPD_60,12,20352.97,1125,1.067
2024-10-01,Subprime,12,DPD_90_PLUS,4,5342.71,1125,0.356
2024-10-01,Subprime,12,Paid_Off,47,0.0,1125,4.178
2024-10-01,Subprime,13,Charged_Off,48,106582.36,1125,4.267
2024-10-01,Subprime,13,Current,147,310791.18,1125,13.067
2024-10-01,Subprime,13,DPD_30,16,27791.36,1125,1.422
2024-10-01,Subprime,13,DPD_60,6,10900.18,1125,0.533
2024-10-01,Subprime,13,DPD_90_PLUS,10,15995.67,1125,0.889
2024-10-01,Subprime,13,Paid_Off,50,0.0,1125,4.444
2024-10-01,Subprime,14,Charged_Off,54,114464.85,1125,4.8
2024-10-01,Subprime,14,Current,140,281503.17,1125,12.444
2024-10-01,Subprime,14,DPD_30,14,22252.77,1125,1.244
2024-10-01,Subprime,14,DPD_60,8,12440.75,1125,0.711
2024-10-01,Subprime,14,DPD_90_PLUS,8,15904.43,1125,0.711
2024-10-01,Subprime,14,Paid_Off,53,0.0,1125,4.711
2024-10-01,Subprime,15,Charged_Off,59,123871.43,1125,5.244
2024-10-01,Subprime,15,Current,130,246702.98,1125,11.556
2024-10-01,Subprime,15,DPD_30,14,26500.73,1125,1.244
2024-10-01,Subprime,15,DPD_60,11,17430.79,1125,0.978
2024-10-01,Subprime,15,DPD_90_PLUS,6,10314.58,1125,0.533
2024-10-01,Subprime,15,Paid_Off,57,0.0,1125,5.067
2024-10-01,Subprime,16,Charged_Off,62,128941.53,1125,5.511
2024-10-01,Subprime,16,Current,122,222670.71,1125,10.844
2024-10-01,Subprime,16,DPD_30,18,32728.47,1125,1.6
2024-10-01,Subprime,16,DPD_60,7,9150.61,1125,0.622
2024-10-01,Subprime,16,DPD_90_PLUS,9,14996.13,1125,0.8
2024-10-01,Subprime,16,Paid_Off,59,0.0,1125,5.244
2024-10-01,Subprime,17,Charged_Off,67,136216.38,1125,5.956
2024-10-01,Subprime,17,Current,116,200047.47,1125,10.311
2024-10-01,Subprime,17,DPD_30,18,27716.2,1125,1.6
2024-10-01,Subprime,17,DPD_60,7,14011.539999999999,1125,0.622
2024-10-01,Subprime,17,DPD_90_PLUS,7,10225.98,1125,0.622
2024-10-01,Subprime,17,Paid_Off,62,0.0,1125,5.511
2024-10-01,Subprime,18,Charged_Off,72,141425.38999999998,1125,6.4
2024-10-01,Subprime,18,Current,110,182431.07,1125,9.778
2024-10-01,Subprime,18,DPD_30,10,12507.67,1125,0.889
2024-10-01,Subprime,18,DPD_60,13,21802.73,1125,1.156
2024-10-01,Subprime,18,DPD_90_PLUS,8,16267.57,1125,0.711
2024-10-01,Subprime,18,Paid_Off,64,0.0,1125,5.689
2024-10-01,Subprime,19,Charged_Off,79,155606.83,1125,7.022
2024-10-01,Subprime,19,Current,99,159680.8,1125,8.8
2024-10-01,Subprime,19,DPD_30,17,22730.65,1125,1.511
2024-10-01,Subprime,19,DPD_60,9,12590.03,1125,0.8
2024-10-01,Subprime,19,DPD_90_PLUS,6,11040.14,1125,0.533
2024-10-01,Subprime,19,Paid_Off,67,0.0,1125,5.956
2024-10-01,Subprime,20,Charged_Off,82,162390.06,1125,7.289
2024-10-01,Subprime,20,Current,92,141390.19,1125,8.178
2024-10-01,Subprime,20,DPD_30,12,16459.2,1125,1.067
2024-10-01,Subprime,20,DPD_60,12,16493.6,1125,1.067
2024-10-01,Subprime,20,DPD_90_PLUS,9,11130.18,1125,0.8
2024-10-01,Subprime,20,Paid_Off,70,0.0,1125,6.222
2024-10-01,Subprime,21,Charged_Off,86,168200.8,1125,7.644
2024-10-01,Subprime,21,Current,92,134573.77,1125,8.178
2024-10-01,Subprime,21,DPD_30,9,13503.119999999999,1125,0.8
2024-10-01,Subprime,21,DPD_60,7,8020.58,1125,0.622
2024-10-01,Subprime,21,DPD_90_PLUS,13,15596.14,1125,1.156
2024-10-01,Subprime,21,Paid_Off,70,0.0,1125,6.222
2024-10-01,Subprime,22,Charged_Off,94,176293.57,1125,8.356
2024-10-01,Subprime,22,Current,90,127221.63,1125,8.0
2024-10-01,Subprime,22,DPD_30,9,12144.05,1125,0.8
2024-10-01,Subprime,22,DPD_60,3,2124.64,1125,0.267
2024-10-01,Subprime,22,DPD_90_PLUS,10,13198.89,1125,0.889
2024-10-01,Subprime,22,Paid_Off,71,0.0,1125,6.311
2024-11-01,Near_Prime,1,Current,390,2219804.85,1108,35.199
2024-11-01,Near_Prime,2,Current,374,2050788.27,1108,33.755
2024-11-01,Near_Prime,2,DPD_30,10,43441.159999999996,1108,0.903
2024-11-01,Near_Prime,2,Paid_Off,6,0.0,1108,0.542
2024-11-01,Near_Prime,3,Current,353,1841723.89,1108,31.859
2024-11-01,Near_Prime,3,DPD_30,15,81734.94,1108,1.354
2024-11-01,Near_Prime,3,DPD_60,7,27364.239999999998,1108,0.632
2024-11-01,Near_Prime,3,Paid_Off,15,0.0,1108,1.354
2024-11-01,Near_Prime,4,Current,332,1660748.95,1108,29.964
2024-11-01,Near_Prime,4,DPD_30,24,104997.05,1108,2.166
2024-11-01,Near_Prime,4,DPD_60,8,42152.78,1108,0.722
2024-11-01,Near_Prime,4,DPD_90_PLUS,4,13899.119999999999,1108,0.361
2024-11-01,Near_Prime,4,Paid_Off,22,0.0,1108,1.986
2024-11-01,Near_Prime,5,Charged_Off,4,13899.119999999999,1108,0.361
2024-11-01,Near_Prime,5,Current,335,1599992.61,1108,30.235
2024-11-01,Near_Prime,5,DPD_30,16,68567.63,1108,1.444
2024-11-01,Near_Prime,5,DPD_60,6,23894.93,1108,0.542
2024-11-01,Near_Prime,5,DPD_90_PLUS,5,22261.36,1108,0.451
2024-11-01,Near_Prime,5,Paid_Off,24,0.0,1108,2.166
2024-11-01,Near_Prime,6,Charged_Off,8,34463.47,1108,0.722
2024-11-01,Near_Prime,6,Current,320,1460771.14,1108,28.881
2024-11-01,Near_Prime,6,DPD_30,22,97749.68,1108,1.986
2024-11-01,Near_Prime,6,DPD_60,9,36479.96,1108,0.812
2024-11-01,Near_Prime,6,DPD_90_PLUS,3,9475.76,1108,0.271
2024-11-01,Near_Prime,6,Paid_Off,28,0.0,1108,2.527
2024-11-01,Near_Prime,7,Charged_Off,9,36060.15,1108,0.812
2024-11-01,Near_Prime,7,Current,313,1362811.86,1108,28.249
2024-11-01,Near_Prime,7,DPD_30,26,117502.54,1108,2.347
2024-11-01,Near_Prime,7,DPD_60,4,11678.23,1108,0.361
2024-11-01,Near_Prime,7,DPD_90_PLUS,7,26935.43,1108,0.632
2024-11-01,Near_Prime,7,Paid_Off,31,0.0,1108,2.798
2024-11-01,Near_Prime,8,Charged_Off,12,46379.38,1108,1.083
2024-11-01,Near_Prime,8,Current,314,1317452.82,1108,28.339
2024-11-01,Near_Prime,8,DPD_30,16,60734.76,1108,1.444
2024-11-01,Near_Prime,8,DPD_60,9,34539.82,1108,0.812
2024-11-01,Near_Prime,8,DPD_90_PLUS,5,19952.98,1108,0.451
2024-11-01,Near_Prime,8,Paid_Off,34,0.0,1108,3.069
2024-11-01,Near_Prime,9,Charged_Off,15,58962.39,1108,1.354
2024-11-01,Near_Prime,9,Current,298,1198736.96,1108,26.895
2024-11-01,Near_Prime,9,DPD_30,23,84087.59,1108,2.076
2024-11-01,Near_Prime,9,DPD_60,6,26961.48,1108,0.542
2024-11-01,Near_Prime,9,DPD_90_PLUS,7,27198.91,1108,0.632
2024-11-01,Near_Prime,9,Paid_Off,41,0.0,1108,3.7
2024-11-01,Near_Prime,10,Charged_Off,21,80516.54000000001,1108,1.895
2024-11-01,Near_Prime,10,Current,289,1104973.64,1108,26.083
2024-11-01,Near_Prime,10,DPD_30,23,85555.35,1108,2.076
2024-11-01,Near_Prime,10,DPD_60,5,17996.7,1108,0.451
2024-11-01,Near_Prime,10,DPD_90_PLUS,5,21592.49,1108,0.451
2024-11-01,Near_Prime,10,Paid_Off,47,0.0,1108,4.242
2024-11-01,Near_Prime,11,Charged_Off,24,90305.91,1108,2.166
2024-11-01,Near_Prime,11,Current,280,1016607.64,1108,25.271
2024-11-01,Near_Prime,11,DPD_30,21,81678.43,1108,1.895
2024-11-01,Near_Prime,11,DPD_60,11,38170.08,1108,0.993
2024-11-01,Near_Prime,11,DPD_90_PLUS,4,16165.06,1108,0.361
2024-11-01,Near_Prime,11,Paid_Off,50,0.0,1108,4.513
2024-11-01,Near_Prime,12,Charged_Off,26,99450.95,1108,2.347
2024-11-01,Near_Prime,12,Current,274,943203.16,1108,24.729
2024-11-01,Near_Prime,12,DPD_30,13,45046.9,1108,1.173
2024-11-01,Near_Prime,12,DPD_60,15,55294.74,1108,1.354
2024-11-01,Near_Prime,12,DPD_90_PLUS,8,26670.69,1108,0.722
2024-11-01,Near_Prime,12,Paid_Off,54,0.0,1108,4.874
2024-11-01,Near_Prime,13,Charged_Off,29,113596.06,1108,2.617
2024-11-01,Near_Prime,13,Current,256,829761.93,1108,23.105
2024-11-01,Near_Prime,13,DPD_30,25,91929.12,1108,2.256
2024-11-01,Near_Prime,13,DPD_60,9,27497.79,1108,0.812
2024-11-01,Near_Prime,13,DPD_90_PLUS,12,35733.55,1108,1.083
2024-11-01,Near_Prime,13,Paid_Off,59,0.0,1108,5.325
2024-11-01,Near_Prime,14,Charged_Off,39,140769.76,1108,3.52
2024-11-01,Near_Prime,14,Current,261,816832.7,1108,23.556
2024-11-01,Near_Prime,14,DPD_30,11,34996.77,1108,0.993
2024-11-01,Near_Prime,14,DPD_60,9,23918.3,1108,0.812
2024-11-01,Near_Prime,14,DPD_90_PLUS,6,20760.34,1108,0.542
2024-11-01,Near_Prime,14,Paid_Off,64,0.0,1108,5.776
2024-11-01,Near_Prime,15,Charged_Off,42,154346.19,1108,3.791
2024-11-01,Near_Prime,15,Current,246,735073.11,1108,22.202
2024-11-01,Near_Prime,15,DPD_30,20,61691.77,1108,1.805
2024-11-01,Near_Prime,15,DPD_60,7,18375.52,1108,0.632
2024-11-01,Near_Prime,15,DPD_90_PLUS,6,15338.300000000001,1108,0.542
2024-11-01,Near_Prime,15,Paid_Off,69,0.0,1108,6.227
2024-11-01,Near_Prime,16,Charged_Off,45,164242.39,1108,4.061
2024-11-01,Near_Prime,16,Current,242,695898.72,1108,21.841
2024-11-01,Near_Prime,16,DPD_30,21,57361.9,1108,1.895
2024-11-01,Near_Prime,16,DPD_60,5,14592.51,1108,0.451
2024-11-01,Near_Prime,16,DPD_90_PLUS,7,13548.41,1108,0.632
2024-11-01,Near_Prime,16,Paid_Off,70,0.0,1108,6.318
2024-11-01,Near_Prime,17,Charged_Off,49,174317.04,1108,4.422
2024-11-01,Near_Prime,17,Current,239,648940.96,1108,21.57
2024-11-01,Near_Prime,17,DPD_30,12,34033.37,1108,1.083
2024-11-01,Near_Prime,17,DPD_60,10,19435.829999999998,1108,0.903
2024-11-01,Near_Prime,17,DPD_90_PLUS,6,12044.65,1108,0.542
2024-11-01,Near_Prime,17,Paid_Off,74,0.0,1108,6.679
2024-11-01,Near_Prime,18,Charged_Off,53,181695.84,1108,4.783
2024-11-01,Near_Prime,18,Current,230,599734.41,1108,20.758
2024-11-01,Near_Prime,18,DPD_30,15,35820.7,1108,1.354
2024-11-01,Near_Prime,18,DPD_60,5,15424.87,1108,0.451
2024-11-01,Near_Prime,18,DPD_90_PLUS,10,18017.85,1108,0.903
2024-11-01,Near_Prime,18,Paid_Off,77,0.0,1108,6.949
2024-11-01,Near_Prime,19,Charged_Off,62,198406.9,1108,5.596
2024-11-01,Near_Prime,19,Current,223,552927.42,1108,20.126
2024-11-01,Near_Prime,19,DPD_30,14,30449.37,1108,1.264
2024-11-01,Near_Prime,19,DPD_60,5,13835.83,1108,0.451
2024-11-01,Near_Prime,19,DPD_90_PLUS,4,11022.59,1108,0.361
2024-11-01,Near_Prime,19,Paid_Off,82,0.0,1108,7.401
2024-11-01,Near_Prime,20,Charged_Off,66,209429.49,1108,5.957
2024-11-01,Near_Prime,20,Current,217,512839.13,1108,19.585
2024-11-01,Near_Prime,20,DPD_30,13,30876.03,1108,1.173
2024-11-01,Near_Prime,20,DPD_60,8,16820.72,1108,0.722
2024-11-01,Near_Prime,20,DPD_90_PLUS,3,7451.25,1108,0.271
2024-11-01,Near_Prime,20,Paid_Off,83,0.0,1108,7.491
2024-11-01,Near_Prime,21,Charged_Off,69,216880.74,1108,6.227
2024-11-01,Near_Prime,21,Current,209,474099.33,1108,18.863
2024-11-01,Near_Prime,21,DPD_30,12,24732.71,1108,1.083
2024-11-01,Near_Prime,21,DPD_60,8,14891.67,1108,0.722
2024-11-01,Near_Prime,21,DPD_90_PLUS,4,11418.18,1108,0.361
2024-11-01,Near_Prime,21,Paid_Off,88,0.0,1108,7.942
2024-11-01,Prime,1,Current,434,3657903.44,1108,39.17
2024-11-01,Prime,2,Current,417,3324896.33,1108,37.635
2024-11-01,Prime,2,DPD_30,8,83882.84,1108,0.722
2024-11-01,Prime,2,Paid_Off,9,0.0,1108,0.812
2024-11-01,Prime,3,Current,407,3129874.28,1108,36.733
2024-11-01,Prime,3,DPD_30,9,65025.94,1108,0.812
2024-11-01,Prime,3,DPD_60,1,10814.84,1108,0.09
2024-11-01,Prime,3,Paid_Off,17,0.0,1108,1.534
2024-11-01,Prime,4,Current,399,2904033.64,1108,36.011
2024-11-01,Prime,4,DPD_30,12,101485.0,1108,1.083
2024-11-01,Prime,4,DPD_60,1,5771.4,1108,0.09
2024-11-01,Prime,4,DPD_90_PLUS,1,10189.51,1108,0.09
2024-11-01,Prime,4,Paid_Off,21,0.0,1108,1.895
2024-11-01,Prime,5,Charged_Off,1,10189.51,1108,0.09
2024-11-01,Prime,5,Current,389,2703180.1,1108,35.108
2024-11-01,Prime,5,DPD_30,13,95775.12,1108,1.173
2024-11-01,Prime,5,DPD_60,2,14644.279999999999,1108,0.181
2024-11-01,Prime,5,DPD_90_PLUS,1,5481.67,1108,0.09
2024-11-01,Prime,5,Paid_Off,28,0.0,1108,2.527
2024-11-01,Prime,6,Charged_Off,2,15671.18,1108,0.181
2024-11-01,Prime,6,Current,384,2562732.02,1108,34.657
2024-11-01,Prime,6,DPD_30,10,66768.1,1108,0.903
2024-11-01,Prime,6,DPD_60,4,24031.32,1108,0.361
2024-11-01,Prime,6,DPD_90_PLUS,1,4731.64,1108,0.09
2024-11-01,Prime,6,Paid_Off,33,0.0,1108,2.978
2024-11-01,Prime,7,Charged_Off,3,20402.82,1108,0.271
2024-11-01,Prime,7,Current,376,2426167.01,1108,33.935
2024-11-01,Prime,7,DPD_30,13,69256.61,1108,1.173
2024-11-01,Prime,7,DPD_60,1,928.83,1108,0.09
2024-11-01,Prime,7,DPD_90_PLUS,2,10223.9,1108,0.181
2024-11-01,Prime,7,Paid_Off,39,0.0,1108,3.52
2024-11-01,Prime,8,Charged_Off,4,26041.510000000002,1108,0.361
2024-11-01,Prime,8,Current,374,2316325.66,1108,33.755
2024-11-01,Prime,8,DPD_30,7,30022.16,1108,0.632
2024-11-01,Prime,8,DPD_60,3,14342.66,1108,0.271
2024-11-01,Prime,8,DPD_90_PLUS,2,5289.570000000001,1108,0.181
2024-11-01,Prime,8,Paid_Off,44,0.0,1108,3.971
2024-11-01,Prime,9,Charged_Off,5,26934.73,1108,0.451
2024-11-01,Prime,9,Current,369,2184281.94,1108,33.303
2024-11-01,Prime,9,DPD_30,9,39951.72,1108,0.812
2024-11-01,Prime,9,DPD_60,3,13010.14,1108,0.271
2024-11-01,Prime,9,DPD_90_PLUS,3,12177.77,1108,0.271
2024-11-01,Prime,9,Paid_Off,45,0.0,1108,4.061
2024-11-01,Prime,10,Charged_Off,7,33121.85,1108,0.632
2024-11-01,Prime,10,Current,365,2059749.12,1108,32.942
2024-11-01,Prime,10,DPD_30,6,34416.22,1108,0.542
2024-11-01,Prime,10,DPD_60,5,23171.64,1108,0.451
2024-11-01,Prime,10,DPD_90_PLUS,2,10067.869999999999,1108,0.181
2024-11-01,Prime,10,Paid_Off,49,0.0,1108,4.422
2024-11-01,Prime,11,Charged_Off,9,43189.72,1108,0.812
2024-11-01,Prime,11,Current,353,1882247.91,1108,31.859
2024-11-01,Prime,11,DPD_30,9,49809.19,1108,0.812
2024-11-01,Prime,11,DPD_60,3,12050.939999999999,1108,0.271
2024-11-01,Prime,11,DPD_90_PLUS,4,19278.42,1108,0.361
2024-11-01,Prime,11,Paid_Off,56,0.0,1108,5.054
2024-11-01,Prime,12,Charged_Off,9,43189.72,1108,0.812
2024-11-01,Prime,12,Current,346,1762413.71,1108,31.227
2024-11-01,Prime,12,DPD_30,10,55899.71,1108,0.903
2024-11-01,Prime,12,DPD_60,4,22347.329999999998,1108,0.361
2024-11-01,Prime,12,DPD_90_PLUS,5,18966.23,1108,0.451
2024-11-01,Prime,12,Paid_Off,60,0.0,1108,5.415
2024-11-01,Prime,13,Charged_Off,13,59856.409999999996,1108,1.173
2024-11-01,Prime,13,Current,340,1642139.68,1108,30.686
2024-11-01,Prime,13,DPD_30,10,62591.82,1108,0.903
2024-11-01,Prime,13,DPD_60,3,27733.25,1108,0.271
2024-11-01,Prime,13,DPD_90_PLUS,4,15664.29,1108,0.361
2024-11-01,Prime,13,Paid_Off,64,0.0,1108,5.776
2024-11-01,Prime,14,Charged_Off,14,61639.85,1108,1.264
2024-11-01,Prime,14,Current,338,1571856.24,1108,30.505
2024-11-01,Prime,14,DPD_30,3,10690.23,1108,0.271
2024-11-01,Prime,14,DPD_60,2,12530.8,1108,0.181
2024-11-01,Prime,14,DPD_90_PLUS,6,39659.9,1108,0.542
2024-11-01,Prime,14,Paid_Off,71,0.0,1108,6.408
2024-11-01,Prime,15,Charged_Off,18,85311.95,1108,1.625
2024-11-01,Prime,15,Current,328,1455443.3,1108,29.603
2024-11-01,Prime,15,DPD_30,9,34138.37,1108,0.812
2024-11-01,Prime,15,DPD_90_PLUS,3,22214.09,1108,0.271
2024-11-01,Prime,15,Paid_Off,76,0.0,1108,6.859
2024-11-01,Prime,16,Charged_Off,19,92410.89,1108,1.715
2024-11-01,Prime,16,Current,327,1380908.16,1108,29.513
2024-11-01,Prime,16,DPD_30,5,21282.64,1108,0.451
2024-11-01,Prime,16,DPD_60,2,5478.81,1108,0.181
2024-11-01,Prime,16,DPD_90_PLUS,2,14466.52,1108,0.181
2024-11-01,Prime,16,Paid_Off,79,0.0,1108,7.13
2024-11-01,Prime,17,Charged_Off,21,106877.41,1108,1.895
2024-11-01,Prime,17,Current,317,1264330.8699999999,1108,28.61
2024-11-01,Prime,17,DPD_30,11,47131.829999999994,1108,0.993
2024-11-01,Prime,17,DPD_60,2,5801.32,1108,0.181
2024-11-01,Prime,17,Paid_Off,83,0.0,1108,7.491
2024-11-01,Prime,18,Charged_Off,21,106877.41,1108,1.895
2024-11-01,Prime,18,Current,315,1208155.94,1108,28.43
2024-11-01,Prime,18,DPD_30,6,21980.43,1108,0.542
2024-11-01,Prime,18,DPD_60,3,10858.17,1108,0.271
2024-11-01,Prime,18,DPD_90_PLUS,1,4371.97,1108,0.09
2024-11-01,Prime,18,Paid_Off,88,0.0,1108,7.942
2024-11-01,Prime,19,Charged_Off,22,111249.38,1108,1.986
2024-11-01,Prime,19,Current,306,1118125.32,1108,27.617
2024-11-01,Prime,19,DPD_30,8,26624.47,1108,0.722
2024-11-01,Prime,19,DPD_60,4,13799.99,1108,0.361
2024-11-01,Prime,19,DPD_90_PLUS,1,4696.26,1108,0.09
2024-11-01,Prime,19,Paid_Off,93,0.0,1108,8.394
2024-11-01,Prime,20,Charged_Off,23,115945.64,1108,2.076
2024-11-01,Prime,20,Current,305,1061242.32,1108,27.527
2024-11-01,Prime,20,DPD_30,7,27238.85,1108,0.632
2024-11-01,Prime,20,DPD_60,3,4434.65,1108,0.271
2024-11-01,Prime,20,DPD_90_PLUS,1,4717.36,1108,0.09
2024-11-01,Prime,20,Paid_Off,95,0.0,1108,8.574
2024-11-01,Prime,21,Charged_Off,24,120663.0,1108,2.166
2024-11-01,Prime,21,Current,292,985384.16,1108,26.354
2024-11-01,Prime,21,DPD_30,11,27110.36,1108,0.993
2024-11-01,Prime,21,DPD_60,2,5872.49,1108,0.181
2024-11-01,Prime,21,DPD_90_PLUS,3,4227.98,1108,0.271
2024-11-01,Prime,21,Paid_Off,102,0.0,1108,9.206
2024-11-01,Subprime,1,Current,284,956329.34,1108,25.632
2024-11-01,Subprime,2,Current,262,841528.25,1108,23.646
2024-11-01,Subprime,2,DPD_30,19,65212.65,1108,1.715
2024-11-01,Subprime,2,Paid_Off,3,0.0,1108,0.271
2024-11-01,Subprime,3,Current,238,735273.2,1108,21.48
2024-11-01,Subprime,3,DPD_30,25,72411.61,1108,2.256
2024-11-01,Subprime,3,DPD_60,11,30615.13,1108,0.993
2024-11-01,Subprime,3,Paid_Off,10,0.0,1108,0.903
2024-11-01,Subprime,4,Current,226,657850.59,1108,20.397
2024-11-01,Subprime,4,DPD_30,23,71236.66,1108,2.076
2024-11-01,Subprime,4,DPD_60,13,35342.67,1108,1.173
2024-11-01,Subprime,4,DPD_90_PLUS,7,19856.3,1108,0.632
2024-11-01,Subprime,4,Paid_Off,15,0.0,1108,1.354
2024-11-01,Subprime,5,Charged_Off,6,16990.6,1108,0.542
2024-11-01,Subprime,5,Current,218,612624.08,1108,19.675
2024-11-01,Subprime,5,DPD_30,23,65616.75,1108,2.076
2024-11-01,Subprime,5,DPD_60,9,16698.07,1108,0.812
2024-11-01,Subprime,5,DPD_90_PLUS,9,27763.57,1108,0.812
2024-11-01,Subprime,5,Paid_Off,19,0.0,1108,1.715
2024-11-01,Subprime,6,Charged_Off,10,28387.46,1108,0.903
2024-11-01,Subprime,6,Current,210,566610.19,1108,18.953
2024-11-01,Subprime,6,DPD_30,20,52755.4,1108,1.805
2024-11-01,Subprime,6,DPD_60,7,18401.24,1108,0.632
2024-11-01,Subprime,6,DPD_90_PLUS,12,24432.69,1108,1.083
2024-11-01,Subprime,6,Paid_Off,25,0.0,1108,2.256
2024-11-01,Subprime,7,Charged_Off,21,52338.12,1108,1.895
2024-11-01,Subprime,7,Current,201,510874.16,1108,18.141
2024-11-01,Subprime,7,DPD_30,22,63315.82,1108,1.986
2024-11-01,Subprime,7,DPD_60,5,14276.45,1108,0.451
2024-11-01,Subprime,7,DPD_90_PLUS,8,18055.02,1108,0.722
2024-11-01,Subprime,7,Paid_Off,27,0.0,1108,2.437
2024-11-01,Subprime,8,Charged_Off,23,58844.38,1108,2.076
2024-11-01,Subprime,8,Current,183,447762.03,1108,16.516
2024-11-01,Subprime,8,DPD_30,28,66690.63,1108,2.527
2024-11-01,Subprime,8,DPD_60,10,26326.9,1108,0.903
2024-11-01,Subprime,8,DPD_90_PLUS,10,24311.11,1108,0.903
2024-11-01,Subprime,8,Paid_Off,30,0.0,1108,2.708
2024-11-01,Subprime,9,Charged_Off,29,73284.61,1108,2.617
2024-11-01,Subprime,9,Current,178,419016.71,1108,16.065
2024-11-01,Subprime,9,DPD_30,19,41997.340000000004,1108,1.715
2024-11-01,Subprime,9,DPD_60,16,35355.46,1108,1.444
2024-11-01,Subprime,9,DPD_90_PLUS,10,24427.579999999998,1108,0.903
2024-11-01,Subprime,9,Paid_Off,32,0.0,1108,2.888
2024-11-01,Subprime,10,Charged_Off,36,89203.59,1108,3.249
2024-11-01,Subprime,10,Current,161,366328.73,1108,14.531
2024-11-01,Subprime,10,DPD_30,29,59258.23,1108,2.617
2024-11-01,Subprime,10,DPD_60,8,16206.18,1108,0.722
2024-11-01,Subprime,10,DPD_90_PLUS,13,30016.05,1108,1.173
2024-11-01,Subprime,10,Paid_Off,37,0.0,1108,3.339
2024-11-01,Subprime,11,Charged_Off,45,103114.98,1108,4.061
2024-11-01,Subprime,11,Current,146,316864.73,1108,13.177
2024-11-01,Subprime,11,DPD_30,28,60229.19,1108,2.527
2024-11-01,Subprime,11,DPD_60,12,21276.88,1108,1.083
2024-11-01,Subprime,11,DPD_90_PLUS,11,28945.23,1108,0.993
2024-11-01,Subprime,11,Paid_Off,42,0.0,1108,3.791
2024-11-01,Subprime,12,Charged_Off,51,122493.48,1108,4.603
2024-11-01,Subprime,12,Current,145,297549.07,1108,13.087
2024-11-01,Subprime,12,DPD_30,18,41277.64,1108,1.625
2024-11-01,Subprime,12,DPD_60,16,31793.38,1108,1.444
2024-11-01,Subprime,12,DPD_90_PLUS,10,15836.05,1108,0.903
2024-11-01,Subprime,12,Paid_Off,44,0.0,1108,3.971
2024-11-01,Subprime,13,Charged_Off,55,129720.43,1108,4.964
2024-11-01,Subprime,13,Current,136,269083.02,1108,12.274
2024-11-01,Subprime,13,DPD_30,18,31585.96,1108,1.625
2024-11-01,Subprime,13,DPD_60,15,31623.25,1108,1.354
2024-11-01,Subprime,13,DPD_90_PLUS,13,23087.92,1108,1.173
2024-11-01,Subprime,13,Paid_Off,47,0.0,1108,4.242
2024-11-01,Subprime,14,Charged_Off,60,139981.53,1108,5.415
2024-11-01,Subprime,14,Current,131,250016.22,1108,11.823
2024-11-01,Subprime,14,DPD_30,21,37170.89,1108,1.895
2024-11-01,Subprime,14,DPD_60,7,12567.96,1108,0.632
2024-11-01,Subprime,14,DPD_90_PLUS,17,28234.63,1108,1.534
2024-11-01,Subprime,14,Paid_Off,48,0.0,1108,4.332
2024-11-01,Subprime,15,Charged_Off,70,156085.04,1108,6.318
2024-11-01,Subprime,15,Current,134,242118.32,1108,12.094
2024-11-01,Subprime,15,DPD_30,11,15531.2,1108,0.993
2024-11-01,Subprime,15,DPD_60,12,26937.81,1108,1.083
2024-11-01,Subprime,15,DPD_90_PLUS,9,12977.119999999999,1108,0.812
2024-11-01,Subprime,15,Paid_Off,48,0.0,1108,4.332
2024-11-01,Subprime,16,Charged_Off,75,161588.11,1108,6.769
2024-11-01,Subprime,16,Current,125,211756.83,1108,11.282
2024-11-01,Subprime,16,DPD_30,16,31446.02,1108,1.444
2024-11-01,Subprime,16,DPD_60,7,15238.2,1108,0.632
2024-11-01,Subprime,16,DPD_90_PLUS,10,16192.81,1108,0.903
2024-11-01,Subprime,16,Paid_Off,51,0.0,1108,4.603
2024-11-01,Subprime,17,Charged_Off,81,170594.91,1108,7.31
2024-11-01,Subprime,17,Current,115,186994.55,1108,10.379
2024-11-01,Subprime,17,DPD_30,19,34279.96,1108,1.715
2024-11-01,Subprime,17,DPD_60,10,17651.34,1108,0.903
2024-11-01,Subprime,17,DPD_90_PLUS,8,15092.51,1108,0.722
2024-11-01,Subprime,17,Paid_Off,51,0.0,1108,4.603
2024-11-01,Subprime,18,Charged_Off,87,180083.81,1108,7.852
2024-11-01,Subprime,18,Current,112,177655.24,1108,10.108
2024-11-01,Subprime,18,DPD_30,14,20728.82,1108,1.264
2024-11-01,Subprime,18,DPD_60,8,14938.83,1108,0.722
2024-11-01,Subprime,18,DPD_90_PLUS,8,16444.29,1108,0.722
2024-11-01,Subprime,18,Paid_Off,55,0.0,1108,4.964
2024-11-01,Subprime,19,Charged_Off,91,192663.64,1108,8.213
2024-11-01,Subprime,19,Current,100,150043.3,1108,9.025
2024-11-01,Subprime,19,DPD_30,18,27085.05,1108,1.625
2024-11-01,Subprime,19,DPD_60,10,15590.51,1108,0.903
2024-11-01,Subprime,19,DPD_90_PLUS,8,10873.64,1108,0.722
2024-11-01,Subprime,19,Paid_Off,57,0.0,1108,5.144
2024-11-01,Subprime,20,Charged_Off,95,199165.23,1108,8.574
2024-11-01,Subprime,20,Current,96,140750.02,1108,8.664
2024-11-01,Subprime,20,DPD_30,14,20119.24,1108,1.264
2024-11-01,Subprime,20,DPD_60,9,8952.5,1108,0.812
2024-11-01,Subprime,20,DPD_90_PLUS,11,16121.15,1108,0.993
2024-11-01,Subprime,20,Paid_Off,59,0.0,1108,5.325
2024-11-01,Subprime,21,Charged_Off,99,205889.66,1108,8.935
2024-11-01,Subprime,21,Current,90,128935.98,1108,8.123
2024-11-01,Subprime,21,DPD_30,19,22933.14,1108,1.715
2024-11-01,Subprime,21,DPD_60,4,4914.83,1108,0.361
2024-11-01,Subprime,21,DPD_90_PLUS,12,13780.630000000001,1108,1.083
2024-11-01,Subprime,21,Paid_Off,60,0.0,1108,5.415
2024-12-01,Near_Prime,1,Current,328,1839756.64,919,35.691
2024-12-01,Near_Prime,2,Current,314,1689973.88,919,34.168
2024-12-01,Near_Prime,2,DPD_30,8,39900.57,919,0.871
2024-12-01,Near_Prime,2,Paid_Off,6,0.0,919,0.653
2024-12-01,Near_Prime,3,Current,302,1550124.19,919,32.862
2024-12-01,Near_Prime,3,DPD_30,14,61459.729999999996,919,1.523
2024-12-01,Near_Prime,3,DPD_60,3,18290.91,919,0.326
2024-12-01,Near_Prime,3,Paid_Off,9,0.0,919,0.979
2024-12-01,Near_Prime,4,Current,292,1432194.82,919,31.774
2024-12-01,Near_Prime,4,DPD_30,20,95223.14,919,2.176
2024-12-01,Near_Prime,4,DPD_60,3,9197.01,919,0.326
2024-12-01,Near_Prime,4,DPD_90_PLUS,3,17484.56,919,0.326
2024-12-01,Near_Prime,4,Paid_Off,10,0.0,919,1.088
2024-12-01,Near_Prime,5,Charged_Off,1,4338.19,919,0.109
2024-12-01,Near_Prime,5,Current,289,1348646.63,919,31.447
2024-12-01,Near_Prime,5,DPD_30,10,46043.56,919,1.088
2024-12-01,Near_Prime,5,DPD_60,7,34255.21,919,0.762
2024-12-01,Near_Prime,5,DPD_90_PLUS,5,21159.56,919,0.544
2024-12-01,Near_Prime,5,Paid_Off,16,0.0,919,1.741
2024-12-01,Near_Prime,6,Charged_Off,4,13090.25,919,0.435
2024-12-01,Near_Prime,6,Current,277,1239503.6,919,30.141
2024-12-01,Near_Prime,6,DPD_30,15,58839.06,919,1.632
2024-12-01,Near_Prime,6,DPD_60,4,18904.57,919,0.435
2024-12-01,Near_Prime,6,DPD_90_PLUS,8,42227.85,919,0.871
2024-12-01,Near_Prime,6,Paid_Off,20,0.0,919,2.176
2024-12-01,Near_Prime,7,Charged_Off,4,13090.25,919,0.435
2024-12-01,Near_Prime,7,Current,272,1140559.46,919,29.597
2024-12-01,Near_Prime,7,DPD_30,14,64228.4,919,1.523
2024-12-01,Near_Prime,7,DPD_60,2,14269.2,919,0.218
2024-12-01,Near_Prime,7,DPD_90_PLUS,12,58292.83,919,1.306
2024-12-01,Near_Prime,7,Paid_Off,24,0.0,919,2.612
2024-12-01,Near_Prime,8,Charged_Off,10,35413.72,919,1.088
2024-12-01,Near_Prime,8,Current,257,1038015.11,919,27.965
2024-12-01,Near_Prime,8,DPD_30,17,63445.23,919,1.85
2024-12-01,Near_Prime,8,DPD_60,5,20724.26,919,0.544
2024-12-01,Near_Prime,8,DPD_90_PLUS,8,47976.93,919,0.871
2024-12-01,Near_Prime,8,Paid_Off,31,0.0,919,3.373
2024-12-01,Near_Prime,9,Charged_Off,16,72637.85,919,1.741
2024-12-01,Near_Prime,9,Current,257,974682.5,919,27.965
2024-12-01,Near_Prime,9,DPD_30,10,48841.049999999996,919,1.088
2024-12-01,Near_Prime,9,DPD_60,5,19414.89,919,0.544
2024-12-01,Near_Prime,9,DPD_90_PLUS,7,30079.8,919,0.762
2024-12-01,Near_Prime,9,Paid_Off,33,0.0,919,3.591
2024-12-01,Near_Prime,10,Charged_Off,20,89364.47,919,2.176
2024-12-01,Near_Prime,10,Current,241,874873.84,919,26.224
2024-12-01,Near_Prime,10,DPD_30,16,68104.87,919,1.741
2024-12-01,Near_Prime,10,DPD_60,4,22920.97,919,0.435
2024-12-01,Near_Prime,10,DPD_90_PLUS,6,19808.12,919,0.653
2024-12-01,Near_Prime,10,Paid_Off,41,0.0,919,4.461
2024-12-01,Near_Prime,11,Charged_Off,25,101230.95,919,2.72
2024-12-01,Near_Prime,11,Current,243,862719.04,919,26.442
2024-12-01,Near_Prime,11,DPD_30,10,27517.09,919,1.088
2024-12-01,Near_Prime,11,DPD_60,5,17547.99,919,0.544
2024-12-01,Near_Prime,11,DPD_90_PLUS,3,18515.55,919,0.326
2024-12-01,Near_Prime,11,Paid_Off,42,0.0,919,4.57
2024-12-01,Near_Prime,12,Charged_Off,27,117486.33,919,2.938
2024-12-01,Near_Prime,12,Current,233,779093.17,919,25.354
2024-12-01,Near_Prime,12,DPD_30,15,56705.99,919,1.632
2024-12-01,Near_Prime,12,DPD_60,4,10701.99,919,0.435
2024-12-01,Near_Prime,12,DPD_90_PLUS,5,16041.71,919,0.544
2024-12-01,Near_Prime,12,Paid_Off,44,0.0,919,4.788
2024-12-01,Near_Prime,13,Charged_Off,30,130341.48,919,3.264
2024-12-01,Near_Prime,13,Current,226,730192.23,919,24.592
2024-12-01,Near_Prime,13,DPD_30,12,35679.79,919,1.306
2024-12-01,Near_Prime,13,DPD_60,7,22169.24,919,0.762
2024-12-01,Near_Prime,13,DPD_90_PLUS,5,12282.16,919,0.544
2024-12-01,Near_Prime,13,Paid_Off,48,0.0,919,5.223
2024-12-01,Near_Prime,14,Charged_Off,34,141617.62,919,3.7
2024-12-01,Near_Prime,14,Current,222,688926.45,919,24.157
2024-12-01,Near_Prime,14,DPD_30,11,23797.53,919,1.197
2024-12-01,Near_Prime,14,DPD_60,3,8102.650000000001,919,0.326
2024-12-01,Near_Prime,14,DPD_90_PLUS,6,16882.73,919,0.653
2024-12-01,Near_Prime,14,Paid_Off,52,0.0,919,5.658
2024-12-01,Near_Prime,15,Charged_Off,36,146818.32,919,3.917
2024-12-01,Near_Prime,15,Current,214,641889.73,919,23.286
2024-12-01,Near_Prime,15,DPD_30,17,35831.64,919,1.85
2024-12-01,Near_Prime,15,DPD_60,2,3096.49,919,0.218
2024-12-01,Near_Prime,15,DPD_90_PLUS,6,16760.82,919,0.653
2024-12-01,Near_Prime,15,Paid_Off,53,0.0,919,5.767
2024-12-01,Near_Prime,16,Charged_Off,41,162704.41999999998,919,4.461
2024-12-01,Near_Prime,16,Current,205,568669.5,919,22.307
2024-12-01,Near_Prime,16,DPD_30,19,63005.090000000004,919,2.067
2024-12-01,Near_Prime,16,DPD_60,7,11948.039999999999,919,0.762
2024-12-01,Near_Prime,16,DPD_90_PLUS,1,830.38,919,0.109
2024-12-01,Near_Prime,16,Paid_Off,55,0.0,919,5.985
2024-12-01,Near_Prime,17,Charged_Off,42,163534.8,919,4.57
2024-12-01,Near_Prime,17,Current,213,566698.54,919,23.177
2024-12-01,Near_Prime,17,DPD_30,7,24928.61,919,0.762
2024-12-01,Near_Prime,17,DPD_60,4,13412.49,919,0.435
2024-12-01,Near_Prime,17,DPD_90_PLUS,6,9499.92,919,0.653
2024-12-01,Near_Prime,17,Paid_Off,56,0.0,919,6.094
2024-12-01,Near_Prime,18,Charged_Off,48,173034.72,919,5.223
2024-12-01,Near_Prime,18,Current,203,518628.69,919,22.089
2024-12-01,Near_Prime,18,DPD_30,10,29551.47,919,1.088
2024-12-01,Near_Prime,18,DPD_60,2,4475.85,919,0.218
2024-12-01,Near_Prime,18,DPD_90_PLUS,4,12914.56,919,0.435
2024-12-01,Near_Prime,18,Paid_Off,61,0.0,919,6.638
2024-12-01,Near_Prime,19,Charged_Off,50,182786.36,919,5.441
2024-12-01,Near_Prime,19,Current,202,497093.77,919,21.98
2024-12-01,Near_Prime,19,DPD_30,7,20055.37,919,0.762
2024-12-01,Near_Prime,19,DPD_60,2,3031.1800000000003,919,0.218
2024-12-01,Near_Prime,19,DPD_90_PLUS,3,5163.45,919,0.326
2024-12-01,Near_Prime,19,Paid_Off,64,0.0,919,6.964
2024-12-01,Near_Prime,20,Charged_Off,51,184305.88999999998,919,5.55
2024-12-01,Near_Prime,20,Current,195,460635.0,919,21.219
2024-12-01,Near_Prime,20,DPD_30,8,13966.83,919,0.871
2024-12-01,Near_Prime,20,DPD_60,4,9536.74,919,0.435
2024-12-01,Near_Prime,20,DPD_90_PLUS,2,4652.25,919,0.218
2024-12-01,Near_Prime,20,Paid_Off,68,0.0,919,7.399
2024-12-01,Prime,1,Current,382,3342343.73,919,41.567
2024-12-01,Prime,2,Current,371,3081025.46,919,40.37
2024-12-01,Prime,2,DPD_30,5,66479.85,919,0.544
2024-12-01,Prime,2,Paid_Off,6,0.0,919,0.653
2024-12-01,Prime,3,Current,358,2860980.09,919,38.955
2024-12-01,Prime,3,DPD_30,9,77930.72,919,0.979
2024-12-01,Prime,3,DPD_60,2,18666.84,919,0.218
2024-12-01,Prime,3,Paid_Off,13,0.0,919,1.415
2024-12-01,Prime,4,Current,355,2718099.17,919,38.629
2024-12-01,Prime,4,DPD_30,6,36911.1,919,0.653
2024-12-01,Prime,4,DPD_60,1,11610.61,919,0.109
2024-12-01,Prime,4,DPD_90_PLUS,1,12315.04,919,0.109
2024-12-01,Prime,4,Paid_Off,19,0.0,919,2.067
2024-12-01,Prime,5,Current,346,2531686.13,919,37.65
2024-12-01,Prime,5,DPD_30,9,57908.01,919,0.979
2024-12-01,Prime,5,DPD_60,1,6176.82,919,0.109
2024-12-01,Prime,5,DPD_90_PLUS,1,11579.82,919,0.109
2024-12-01,Prime,5,Paid_Off,25,0.0,919,2.72
2024-12-01,Prime,6,Current,337,2360138.0,919,36.67
2024-12-01,Prime,6,DPD_30,13,70767.02,919,1.415
2024-12-01,Prime,6,DPD_60,1,4365.79,919,0.109
2024-12-01,Prime,6,DPD_90_PLUS,1,10961.51,919,0.109
2024-12-01,Prime,6,Paid_Off,30,0.0,919,3.264
2024-12-01,Prime,7,Charged_Off,1,10961.51,919,0.109
2024-12-01,Prime,7,Current,337,2251610.81,919,36.67
2024-12-01,Prime,7,DPD_30,5,32601.39,919,0.544
2024-12-01,Prime,7,DPD_60,4,13079.26,919,0.435
2024-12-01,Prime,7,DPD_90_PLUS,1,4232.11,919,0.109
2024-12-01,Prime,7,Paid_Off,34,0.0,919,3.7
2024-12-01,Prime,8,Charged_Off,2,15193.619999999999,919,0.218
2024-12-01,Prime,8,Current,329,2105308.29,919,35.8
2024-12-01,Prime,8,DPD_30,6,38728.73,919,0.653
2024-12-01,Prime,8,DPD_60,1,7405.37,919,0.109
2024-12-01,Prime,8,DPD_90_PLUS,4,12470.98,919,0.435
2024-12-01,Prime,8,Paid_Off,40,0.0,919,4.353
2024-12-01,Prime,9,Charged_Off,4,21607.44,919,0.435
2024-12-01,Prime,9,Current,324,1964242.81,919,35.256
2024-12-01,Prime,9,DPD_30,10,79500.61,919,1.088
2024-12-01,Prime,9,DPD_60,1,4265.48,919,0.109
2024-12-01,Prime,9,DPD_90_PLUS,3,12909.83,919,0.326
2024-12-01,Prime,9,Paid_Off,40,0.0,919,4.353
2024-12-01,Prime,10,Charged_Off,6,31667.559999999998,919,0.653
2024-12-01,Prime,10,Current,310,1815821.29,919,33.732
2024-12-01,Prime,10,DPD_30,10,54681.9,919,1.088
2024-12-01,Prime,10,DPD_60,5,39784.18,919,0.544
2024-12-01,Prime,10,DPD_90_PLUS,1,2750.22,919,0.109
2024-12-01,Prime,10,Paid_Off,50,0.0,919,5.441
2024-12-01,Prime,11,Charged_Off,7,34417.78,919,0.762
2024-12-01,Prime,11,Current,310,1727449.79,919,33.732
2024-12-01,Prime,11,DPD_30,4,15567.71,919,0.435
2024-12-01,Prime,11,DPD_60,5,38502.11,919,0.544
2024-12-01,Prime,11,DPD_90_PLUS,4,30080.79,919,0.435
2024-12-01,Prime,11,Paid_Off,52,0.0,919,5.658
2024-12-01,Prime,12,Charged_Off,9,49359.78,919,0.979
2024-12-01,Prime,12,Current,299,1591959.78,919,32.535
2024-12-01,Prime,12,DPD_30,7,35513.19,919,0.762
2024-12-01,Prime,12,DPD_60,2,9835.880000000001,919,0.218
2024-12-01,Prime,12,DPD_90_PLUS,5,40137.99,919,0.544
2024-12-01,Prime,12,Paid_Off,60,0.0,919,6.529
2024-12-01,Prime,13,Charged_Off,12,75119.23,919,1.306
2024-12-01,Prime,13,Current,287,1457017.89,919,31.23
2024-12-01,Prime,13,DPD_30,11,52992.06,919,1.197
2024-12-01,Prime,13,DPD_60,2,19551.510000000002,919,0.218
2024-12-01,Prime,13,DPD_90_PLUS,3,16087.95,919,0.326
2024-12-01,Prime,13,Paid_Off,67,0.0,919,7.291
2024-12-01,Prime,14,Charged_Off,14,82402.71,919,1.523
2024-12-01,Prime,14,Current,286,1394366.82,919,31.121
2024-12-01,Prime,14,DPD_30,5,19974.55,919,0.544
2024-12-01,Prime,14,DPD_60,3,14632.75,919,0.326
2024-12-01,Prime,14,DPD_90_PLUS,2,20437.489999999998,919,0.218
2024-12-01,Prime,14,Paid_Off,72,0.0,919,7.835
2024-12-01,Prime,15,Charged_Off,16,102840.2,919,1.741
2024-12-01,Prime,15,Current,273,1282941.11,919,29.706
2024-12-01,Prime,15,DPD_30,8,35045.05,919,0.871
2024-12-01,Prime,15,DPD_60,4,16379.29,919,0.435
2024-12-01,Prime,15,DPD_90_PLUS,1,1482.75,919,0.109
2024-12-01,Prime,15,Paid_Off,80,0.0,919,8.705
2024-12-01,Prime,16,Charged_Off,17,104322.95,919,1.85
2024-12-01,Prime,16,Current,271,1226032.75,919,29.489
2024-12-01,Prime,16,DPD_30,6,29276.489999999998,919,0.653
2024-12-01,Prime,16,DPD_60,3,5008.73,919,0.326
2024-12-01,Prime,16,DPD_90_PLUS,2,4069.54,919,0.218
2024-12-01,Prime,16,Paid_Off,83,0.0,919,9.032
2024-12-01,Prime,17,Charged_Off,18,106068.02,919,1.959
2024-12-01,Prime,17,Current,268,1159102.53,919,29.162
2024-12-01,Prime,17,DPD_30,3,8554.62,919,0.326
2024-12-01,Prime,17,DPD_60,3,8230.89,919,0.326
2024-12-01,Prime,17,DPD_90_PLUS,2,4592.24,919,0.218
2024-12-01,Prime,17,Paid_Off,88,0.0,919,9.576
2024-12-01,Prime,18,Charged_Off,20,110660.26,919,2.176
2024-12-01,Prime,18,Current,261,1078309.78,919,28.4
2024-12-01,Prime,18,DPD_30,6,26232.9,919,0.653
2024-12-01,Prime,18,DPD_60,2,2325.5699999999997,919,0.218
2024-12-01,Prime,18,DPD_90_PLUS,2,7081.99,919,0.218
2024-12-01,Prime,18,Paid_Off,91,0.0,919,9.902
2024-12-01,Prime,19,Charged_Off,20,110660.26,919,2.176
2024-12-01,Prime,19,Current,256,1029615.26,919,27.856
2024-12-01,Prime,19,DPD_30,9,22612.07,919,0.979
2024-12-01,Prime,19,DPD_60,2,2994.5699999999997,919,0.218
2024-12-01,Prime,19,DPD_90_PLUS,3,8105.76,919,0.326
2024-12-01,Prime,19,Paid_Off,92,0.0,919,10.011
2024-12-01,Prime,20,Charged_Off,22,117375.51,919,2.394
2024-12-01,Prime,20,Current,249,952407.08,919,27.095
2024-12-01,Prime,20,DPD_30,7,25386.89,919,0.762
2024-12-01,Prime,20,DPD_60,2,2993.9799999999996,919,0.218
2024-12-01,Prime,20,DPD_90_PLUS,2,2365.2200000000003,919,0.218
2024-12-01,Prime,20,Paid_Off,100,0.0,919,10.881
2024-12-01,Subprime,1,Current,209,697809.6,919,22.742
2024-12-01,Subprime,2,Current,180,572289.92,919,19.587
2024-12-01,Subprime,2,DPD_30,22,73485.27,919,2.394
2024-12-01,Subprime,2,Paid_Off,7,0.0,919,0.762
2024-12-01,Subprime,3,Current,166,513795.65,919,18.063
2024-12-01,Subprime,3,DPD_30,24,70221.11,919,2.612
2024-12-01,Subprime,3,DPD_60,7,19414.24,919,0.762
2024-12-01,Subprime,3,Paid_Off,12,0.0,919,1.306
2024-12-01,Subprime,4,Current,158,460354.49,919,17.193
2024-12-01,Subprime,4,DPD_30,24,81506.61,919,2.612
2024-12-01,Subprime,4,DPD_60,7,15141.19,919,0.762
2024-12-01,Subprime,4,DPD_90_PLUS,6,14328.19,919,0.653
2024-12-01,Subprime,4,Paid_Off,14,0.0,919,1.523
2024-12-01,Subprime,5,Charged_Off,4,6514.95,919,0.435
2024-12-01,Subprime,5,Current,150,423679.54,919,16.322
2024-12-01,Subprime,5,DPD_30,22,57511.77,919,2.394
2024-12-01,Subprime,5,DPD_60,12,41167.94,919,1.306
2024-12-01,Subprime,5,DPD_90_PLUS,5,13162.81,919,0.544
2024-12-01,Subprime,5,Paid_Off,16,0.0,919,1.741
2024-12-01,Subprime,6,Charged_Off,7,14629.86,919,0.762
2024-12-01,Subprime,6,Current,138,371306.34,919,15.016
2024-12-01,Subprime,6,DPD_30,23,60565.689999999995,919,2.503
2024-12-01,Subprime,6,DPD_60,12,33894.26,919,1.306
2024-12-01,Subprime,6,DPD_90_PLUS,9,24572.36,919,0.979
2024-12-01,Subprime,6,Paid_Off,20,0.0,919,2.176
2024-12-01,Subprime,7,Charged_Off,13,30237.829999999998,919,1.415
2024-12-01,Subprime,7,Current,135,351785.98,919,14.69
2024-12-01,Subprime,7,DPD_30,17,38358.53,919,1.85
2024-12-01,Subprime,7,DPD_60,11,27686.58,919,1.197
2024-12-01,Subprime,7,DPD_90_PLUS,12,30643.79,919,1.306
2024-12-01,Subprime,7,Paid_Off,21,0.0,919,2.285
2024-12-01,Subprime,8,Charged_Off,19,44502.31,919,2.067
2024-12-01,Subprime,8,Current,137,344590.24,919,14.908
2024-12-01,Subprime,8,DPD_30,10,18680.56,919,1.088
2024-12-01,Subprime,8,DPD_60,11,26259.36,919,1.197
2024-12-01,Subprime,8,DPD_90_PLUS,10,24080.61,919,1.088
2024-12-01,Subprime,8,Paid_Off,22,0.0,919,2.394
2024-12-01,Subprime,9,Charged_Off,27,63506.02,919,2.938
2024-12-01,Subprime,9,Current,126,301722.8,919,13.711
2024-12-01,Subprime,9,DPD_30,17,39650.41,919,1.85
2024-12-01,Subprime,9,DPD_60,10,17013.3,919,1.088
2024-12-01,Subprime,9,DPD_90_PLUS,6,17493.11,919,0.653
2024-12-01,Subprime,9,Paid_Off,23,0.0,919,2.503
2024-12-01,Subprime,10,Charged_Off,30,68413.08,919,3.264
2024-12-01,Subprime,10,Current,116,266060.68,919,12.622
2024-12-01,Subprime,10,DPD_30,17,31821.11,919,1.85
2024-12-01,Subprime,10,DPD_60,10,23326.77,919,1.088
2024-12-01,Subprime,10,DPD_90_PLUS,9,21855.48,919,0.979
2024-12-01,Subprime,10,Paid_Off,27,0.0,919,2.938
2024-12-01,Subprime,11,Charged_Off,35,75146.15,919,3.808
2024-12-01,Subprime,11,Current,109,238019.46,919,11.861
2024-12-01,Subprime,11,DPD_30,14,24186.260000000002,919,1.523
2024-12-01,Subprime,11,DPD_60,13,33341.15,919,1.415
2024-12-01,Subprime,11,DPD_90_PLUS,8,20395.53,919,0.871
2024-12-01,Subprime,11,Paid_Off,30,0.0,919,3.264
2024-12-01,Subprime,12,Charged_Off,38,86518.94,919,4.135
2024-12-01,Subprime,12,Current,105,216134.84,919,11.425
2024-12-01,Subprime,12,DPD_30,9,19249.18,919,0.979
2024-12-01,Subprime,12,DPD_60,8,15822.57,919,0.871
2024-12-01,Subprime,12,DPD_90_PLUS,16,35778.06,919,1.741
2024-12-01,Subprime,12,Paid_Off,33,0.0,919,3.591
2024-12-01,Subprime,13,Charged_Off,44,102169.47,919,4.788
2024-12-01,Subprime,13,Current,98,192998.97,919,10.664
2024-12-01,Subprime,13,DPD_30,10,23624.5,919,1.088
2024-12-01,Subprime,13,DPD_60,8,16505.26,919,0.871
2024-12-01,Subprime,13,DPD_90_PLUS,13,21634.25,919,1.415
2024-12-01,Subprime,13,Paid_Off,36,0.0,919,3.917
2024-12-01,Subprime,14,Charged_Off,53,116393.8,919,5.767
2024-12-01,Subprime,14,Current,91,171337.78,919,9.902
2024-12-01,Subprime,14,DPD_30,15,27239.27,919,1.632
2024-12-01,Subprime,14,DPD_60,4,6618.71,919,0.435
2024-12-01,Subprime,14,DPD_90_PLUS,9,19449.77,919,0.979
2024-12-01,Subprime,14,Paid_Off,37,0.0,919,4.026
2024-12-01,Subprime,15,Charged_Off,57,124354.38,919,6.202
2024-12-01,Subprime,15,Current,85,149020.77,919,9.249
2024-12-01,Subprime,15,DPD_30,15,30641.84,919,1.632
2024-12-01,Subprime,15,DPD_60,5,6780.62,919,0.544
2024-12-01,Subprime,15,DPD_90_PLUS,8,15614.87,919,0.871
2024-12-01,Subprime,15,Paid_Off,39,0.0,919,4.244
2024-12-01,Subprime,16,Charged_Off,58,127408.47,919,6.311
2024-12-01,Subprime,16,Current,83,143269.74,919,9.032
2024-12-01,Subprime,16,DPD_30,13,17744.77,919,1.415
2024-12-01,Subprime,16,DPD_60,4,10076.52,919,0.435
2024-12-01,Subprime,16,DPD_90_PLUS,11,17898.32,919,1.197
2024-12-01,Subprime,16,Paid_Off,40,0.0,919,4.353
2024-12-01,Subprime,17,Charged_Off,63,135753.3,919,6.855
2024-12-01,Subprime,17,Current,79,129269.29,919,8.596
2024-12-01,Subprime,17,DPD_30,11,19062.37,919,1.197
2024-12-01,Subprime,17,DPD_60,9,14359.19,919,0.979
2024-12-01,Subprime,17,DPD_90_PLUS,6,9078.32,919,0.653
2024-12-01,Subprime,17,Paid_Off,41,0.0,919,4.461
2024-12-01,Subprime,18,Charged_Off,67,141361.72,919,7.291
2024-12-01,Subprime,18,Current,77,118846.69,919,8.379
2024-12-01,Subprime,18,DPD_30,10,17513.82,919,1.088
2024-12-01,Subprime,18,DPD_60,4,6707.01,919,0.435
2024-12-01,Subprime,18,DPD_90_PLUS,10,15567.96,919,1.088
2024-12-01,Subprime,18,Paid_Off,41,0.0,919,4.461
2024-12-01,Subprime,19,Charged_Off,72,150282.49,919,7.835
2024-12-01,Subprime,19,Current,73,114354.9,919,7.943
2024-12-01,Subprime,19,DPD_30,7,5112.32,919,0.762
2024-12-01,Subprime,19,DPD_60,8,12827.310000000001,919,0.871
2024-12-01,Subprime,19,DPD_90_PLUS,6,9702.42,919,0.653
2024-12-01,Subprime,19,Paid_Off,43,0.0,919,4.679
2024-12-01,Subprime,20,Charged_Off,76,156377.34,919,8.27
2024-12-01,Subprime,20,Current,70,102053.19,919,7.617
2024-12-01,Subprime,20,DPD_30,5,7720.29,919,0.544
2024-12-01,Subprime,20,DPD_60,5,4475.2,919,0.544
2024-12-01,Subprime,20,DPD_90_PLUS,8,13690.07,919,0.871
2024-12-01,Subprime,20,Paid_Off,45,0.0,919,4.897
2025-01-01,Near_Prime,1,Current,393,2266619.85,1152,34.115
2025-01-01,Near_Prime,2,Current,375,2079536.96,1152,32.552
2025-01-01,Near_Prime,2,DPD_30,15,76963.02,1152,1.302
2025-01-01,Near_Prime,2,Paid_Off,3,0.0,1152,0.26
2025-01-01,Near_Prime,3,Current,357,1881471.67,1152,30.99
2025-01-01,Near_Prime,3,DPD_30,24,122742.56,1152,2.083
2025-01-01,Near_Prime,3,DPD_60,5,32739.88,1152,0.434
2025-01-01,Near_Prime,3,Paid_Off,7,0.0,1152,0.608
2025-01-01,Near_Prime,4,Current,354,1789739.14,1152,30.729
2025-01-01,Near_Prime,4,DPD_30,16,88736.93,1152,1.389
2025-01-01,Near_Prime,4,DPD_60,10,42481.25,1152,0.868
2025-01-01,Near_Prime,4,DPD_90_PLUS,3,13207.509999999998,1152,0.26
2025-01-01,Near_Prime,4,Paid_Off,10,0.0,1152,0.868
2025-01-01,Near_Prime,5,Charged_Off,3,13207.509999999998,1152,0.26
2025-01-01,Near_Prime,5,Current,333,1622811.38,1152,28.906
2025-01-01,Near_Prime,5,DPD_30,25,115764.44,1152,2.17
2025-01-01,Near_Prime,5,DPD_60,9,40975.85,1152,0.781
2025-01-01,Near_Prime,5,DPD_90_PLUS,6,24229.59,1152,0.521
2025-01-01,Near_Prime,5,Paid_Off,17,0.0,1152,1.476
2025-01-01,Near_Prime,6,Charged_Off,8,36876.659999999996,1152,0.694
2025-01-01,Near_Prime,6,Current,324,1517023.92,1152,28.125
2025-01-01,Near_Prime,6,DPD_30,19,73914.01,1152,1.649
2025-01-01,Near_Prime,6,DPD_60,11,46363.95,1152,0.955
2025-01-01,Near_Prime,6,DPD_90_PLUS,6,20428.23,1152,0.521
2025-01-01,Near_Prime,6,Paid_Off,25,0.0,1152,2.17
2025-01-01,Near_Prime,7,Charged_Off,11,52489.659999999996,1152,0.955
2025-01-01,Near_Prime,7,Current,316,1423124.62,1152,27.431
2025-01-01,Near_Prime,7,DPD_30,16,56620.08,1152,1.389
2025-01-01,Near_Prime,7,DPD_60,11,38346.72,1152,0.955
2025-01-01,Near_Prime,7,DPD_90_PLUS,10,35358.85,1152,0.868
2025-01-01,Near_Prime,7,Paid_Off,29,0.0,1152,2.517
2025-01-01,Near_Prime,8,Charged_Off,17,64899.64,1152,1.476
2025-01-01,Near_Prime,8,Current,293,1249162.11,1152,25.434
2025-01-01,Near_Prime,8,DPD_30,30,123754.46,1152,2.604
2025-01-01,Near_Prime,8,DPD_60,7,22314.100000000002,1152,0.608
2025-01-01,Near_Prime,8,DPD_90_PLUS,12,48743.76,1152,1.042
2025-01-01,Near_Prime,8,Paid_Off,34,0.0,1152,2.951
2025-01-01,Near_Prime,9,Charged_Off,25,100076.83,1152,2.17
2025-01-01,Near_Prime,9,Current,290,1173693.18,1152,25.174
2025-01-01,Near_Prime,9,DPD_30,19,82173.04,1152,1.649
2025-01-01,Near_Prime,9,DPD_60,9,31244.34,1152,0.781
2025-01-01,Near_Prime,9,DPD_90_PLUS,9,27441.19,1152,0.781
2025-01-01,Near_Prime,9,Paid_Off,41,0.0,1152,3.559
2025-01-01,Near_Prime,10,Charged_Off,30,112315.03,1152,2.604
2025-01-01,Near_Prime,10,Current,280,1080010.82,1152,24.306
2025-01-01,Near_Prime,10,DPD_30,16,83088.13,1152,1.389
2025-01-01,Near_Prime,10,DPD_60,11,33603.48,1152,0.955
2025-01-01,Near_Prime,10,DPD_90_PLUS,8,21615.48,1152,0.694
2025-01-01,Near_Prime,10,Paid_Off,48,0.0,1152,4.167
2025-01-01,Near_Prime,11,Charged_Off,34,121593.49,1152,2.951
2025-01-01,Near_Prime,11,Current,276,1037287.13,1152,23.958
2025-01-01,Near_Prime,11,DPD_30,13,45397.39,1152,1.128
2025-01-01,Near_Prime,11,DPD_60,9,42867.93,1152,0.781
2025-01-01,Near_Prime,11,DPD_90_PLUS,9,23349.86,1152,0.781
2025-01-01,Near_Prime,11,Paid_Off,52,0.0,1152,4.514
2025-01-01,Near_Prime,12,Charged_Off,41,141475.88,1152,3.559
2025-01-01,Near_Prime,12,Current,265,952246.81,1152,23.003
2025-01-01,Near_Prime,12,DPD_30,21,69900.32,1152,1.823
2025-01-01,Near_Prime,12,DPD_60,6,25726.16,1152,0.521
2025-01-01,Near_Prime,12,DPD_90_PLUS,6,22767.75,1152,0.521
2025-01-01,Near_Prime,12,Paid_Off,54,0.0,1152,4.688
2025-01-01,Near_Prime,13,Charged_Off,45,155853.47,1152,3.906
2025-01-01,Near_Prime,13,Current,255,868995.23,1152,22.135
2025-01-01,Near_Prime,13,DPD_30,20,65537.32,1152,1.736
2025-01-01,Near_Prime,13,DPD_60,8,30104.010000000002,1152,0.694
2025-01-01,Near_Prime,13,DPD_90_PLUS,6,21306.91,1152,0.521
2025-01-01,Near_Prime,13,Paid_Off,59,0.0,1152,5.122
2025-01-01,Near_Prime,14,Charged_Off,46,157342.94,1152,3.993
2025-01-01,Near_Prime,14,Current,245,800526.46,1152,21.267
2025-01-01,Near_Prime,14,DPD_30,21,61712.83,1152,1.823
2025-01-01,Near_Prime,14,DPD_60,9,27881.86,1152,0.781
2025-01-01,Near_Prime,14,DPD_90_PLUS,10,37024.54,1152,0.868
2025-01-01,Near_Prime,14,Paid_Off,62,0.0,1152,5.382
2025-01-01,Near_Prime,15,Charged_Off,52,177453.03,1152,4.514
2025-01-01,Near_Prime,15,Current,238,739347.09,1152,20.66
2025-01-01,Near_Prime,15,DPD_30,20,53862.56,1152,1.736
2025-01-01,Near_Prime,15,DPD_60,8,23370.87,1152,0.694
2025-01-01,Near_Prime,15,DPD_90_PLUS,11,38730.95,1152,0.955
2025-01-01,Near_Prime,15,Paid_Off,64,0.0,1152,5.556
2025-01-01,Near_Prime,16,Charged_Off,55,190090.99,1152,4.774
2025-01-01,Near_Prime,16,Current,235,700046.5,1152,20.399
2025-01-01,Near_Prime,16,DPD_30,13,35893.18,1152,1.128
2025-01-01,Near_Prime,16,DPD_60,8,20705.19,1152,0.694
2025-01-01,Near_Prime,16,DPD_90_PLUS,15,43264.4,1152,1.302
2025-01-01,Near_Prime,16,Paid_Off,67,0.0,1152,5.816
2025-01-01,Near_Prime,17,Charged_Off,64,217696.3,1152,5.556
2025-01-01,Near_Prime,17,Current,230,651793.67,1152,19.965
2025-01-01,Near_Prime,17,DPD_30,14,31963.21,1152,1.215
2025-01-01,Near_Prime,17,DPD_60,4,14645.73,1152,0.347
2025-01-01,Near_Prime,17,DPD_90_PLUS,12,29500.68,1152,1.042
2025-01-01,Near_Prime,17,Paid_Off,69,0.0,1152,5.99
2025-01-01,Near_Prime,18,Charged_Off,72,238409.13999999998,1152,6.25
2025-01-01,Near_Prime,18,Current,227,608942.98,1152,19.705
2025-01-01,Near_Prime,18,DPD_30,15,39889.77,1152,1.302
2025-01-01,Near_Prime,18,DPD_60,3,9784.45,1152,0.26
2025-01-01,Near_Prime,18,DPD_90_PLUS,7,16353.97,1152,0.608
2025-01-01,Near_Prime,18,Paid_Off,69,0.0,1152,5.99
2025-01-01,Near_Prime,19,Charged_Off,75,245899.73,1152,6.51
2025-01-01,Near_Prime,19,Current,218,558601.48,1152,18.924
2025-01-01,Near_Prime,19,DPD_30,14,34775.07,1152,1.215
2025-01-01,Near_Prime,19,DPD_60,9,20873.579999999998,1152,0.781
2025-01-01,Near_Prime,19,DPD_90_PLUS,5,12866.21,1152,0.434
2025-01-01,Near_Prime,19,Paid_Off,72,0.0,1152,6.25
2025-01-01,Prime,1,Current,458,3997218.35,1152,39.757
2025-01-01,Prime,2,Current,436,3601526.14,1152,37.847
2025-01-01,Prime,2,DPD_30,18,184983.79,1152,1.563
2025-01-01,Prime,2,Paid_Off,4,0.0,1152,0.347
2025-01-01,Prime,3,Current,431,3413415.26,1152,37.413
2025-01-01,Prime,3,DPD_30,12,90100.69,1152,1.042
2025-01-01,Prime,3,DPD_60,3,37505.27,1152,0.26
2025-01-01,Prime,3,Paid_Off,12,0.0,1152,1.042
2025-01-01,Prime,4,Current,417,3143802.09,1152,36.198
2025-01-01,Prime,4,DPD_30,15,144214.71,1152,1.302
2025-01-01,Prime,4,DPD_60,3,17950.329999999998,1152,0.26
2025-01-01,Prime,4,DPD_90_PLUS,3,35709.96,1152,0.26
2025-01-01,Prime,4,Paid_Off,20,0.0,1152,1.736
2025-01-01,Prime,5,Charged_Off,1,12617.09,1152,0.087
2025-01-01,Prime,5,Current,411,3003369.91,1152,35.677
2025-01-01,Prime,5,DPD_30,14,85993.5,1152,1.215
2025-01-01,Prime,5,DPD_60,3,32024.56,1152,0.26
2025-01-01,Prime,5,DPD_90_PLUS,3,25381.5,1152,0.26
2025-01-01,Prime,5,Paid_Off,26,0.0,1152,2.257
2025-01-01,Prime,6,Charged_Off,4,37998.59,1152,0.347
2025-01-01,Prime,6,Current,403,2798623.73,1152,34.983
2025-01-01,Prime,6,DPD_30,14,106075.54000000001,1152,1.215
2025-01-01,Prime,6,DPD_60,5,20316.649999999998,1152,0.434
2025-01-01,Prime,6,DPD_90_PLUS,3,30281.48,1152,0.26
2025-01-01,Prime,6,Paid_Off,29,0.0,1152,2.517
2025-01-01,Prime,7,Charged_Off,5,55163.84,1152,0.434
2025-01-01,Prime,7,Current,399,2608700.3,1152,34.635
2025-01-01,Prime,7,DPD_30,10,82801.26,1152,0.868
2025-01-01,Prime,7,DPD_60,5,31363.78,1152,0.434
2025-01-01,Prime,7,DPD_90_PLUS,5,22324.07,1152,0.434
2025-01-01,Prime,7,Paid_Off,34,0.0,1152,2.951
2025-01-01,Prime,8,Charged_Off,8,73521.67,1152,0.694
2025-01-01,Prime,8,Current,389,2443555.53,1152,33.767
2025-01-01,Prime,8,DPD_30,15,77859.03,1152,1.302
2025-01-01,Prime,8,DPD_60,3,40788.380000000005,1152,0.26
2025-01-01,Prime,8,DPD_90_PLUS,6,25623.46,1152,0.521
2025-01-01,Prime,8,Paid_Off,37,0.0,1152,3.212
2025-01-01,Prime,9,Charged_Off,11,85785.68,1152,0.955
2025-01-01,Prime,9,Current,381,2274768.45,1152,33.073
2025-01-01,Prime,9,DPD_30,14,86086.51,1152,1.215
2025-01-01,Prime,9,DPD_60,7,43497.659999999996,1152,0.608
2025-01-01,Prime,9,DPD_90_PLUS,4,34140.17,1152,0.347
2025-01-01,Prime,9,Paid_Off,41,0.0,1152,3.559
2025-01-01,Prime,10,Charged_Off,13,91443.06,1152,1.128
2025-01-01,Prime,10,Current,378,2147722.37,1152,32.813
2025-01-01,Prime,10,DPD_30,10,70475.08,1152,0.868
2025-01-01,Prime,10,DPD_60,4,27604.92,1152,0.347
2025-01-01,Prime,10,DPD_90_PLUS,8,61837.02,1152,0.694
2025-01-01,Prime,10,Paid_Off,45,0.0,1152,3.906
2025-01-01,Prime,11,Charged_Off,18,128462.25,1152,1.563
2025-01-01,Prime,11,Current,373,2013771.71,1152,32.378
2025-01-01,Prime,11,DPD_30,7,47654.1,1152,0.608
2025-01-01,Prime,11,DPD_60,7,56485.78,1152,0.608
2025-01-01,Prime,11,DPD_90_PLUS,4,24114.4,1152,0.347
2025-01-01,Prime,11,Paid_Off,49,0.0,1152,4.253
2025-01-01,Prime,12,Charged_Off,22,152576.65,1152,1.91
2025-01-01,Prime,12,Current,363,1892272.87,1152,31.51
2025-01-01,Prime,12,DPD_30,9,49699.24,1152,0.781
2025-01-01,Prime,12,DPD_60,3,11398.1,1152,0.26
2025-01-01,Prime,12,DPD_90_PLUS,5,42774.67,1152,0.434
2025-01-01,Prime,12,Paid_Off,56,0.0,1152,4.861
2025-01-01,Prime,13,Charged_Off,25,177703.58,1152,2.17
2025-01-01,Prime,13,Current,352,1762742.86,1152,30.556
2025-01-01,Prime,13,DPD_30,13,52901.72,1152,1.128
2025-01-01,Prime,13,DPD_60,1,5220.5,1152,0.087
2025-01-01,Prime,13,DPD_90_PLUS,3,20574.79,1152,0.26
2025-01-01,Prime,13,Paid_Off,64,0.0,1152,5.556
2025-01-01,Prime,14,Charged_Off,28,198278.37,1152,2.431
2025-01-01,Prime,14,Current,354,1681421.04,1152,30.729
2025-01-01,Prime,14,DPD_30,6,25770.53,1152,0.521
2025-01-01,Prime,14,DPD_60,1,2879.56,1152,0.087
2025-01-01,Prime,14,DPD_90_PLUS,1,4944.19,1152,0.087
2025-01-01,Prime,14,Paid_Off,68,0.0,1152,5.903
2025-01-01,Prime,15,Charged_Off,28,198278.37,1152,2.431
2025-01-01,Prime,15,Current,341,1544567.26,1152,29.601
2025-01-01,Prime,15,DPD_30,10,40790.159999999996,1152,0.868
2025-01-01,Prime,15,DPD_60,2,3718.48,1152,0.174
2025-01-01,Prime,15,DPD_90_PLUS,1,4732.88,1152,0.087
2025-01-01,Prime,15,Paid_Off,76,0.0,1152,6.597
2025-01-01,Prime,16,Charged_Off,29,203011.25,1152,2.517
2025-01-01,Prime,16,Current,334,1429164.83,1152,28.993
2025-01-01,Prime,16,DPD_30,10,56546.64,1152,0.868
2025-01-01,Prime,16,DPD_60,5,21940.010000000002,1152,0.434
2025-01-01,Prime,16,DPD_90_PLUS,2,3593.13,1152,0.174
2025-01-01,Prime,16,Paid_Off,78,0.0,1152,6.771
2025-01-01,Prime,17,Charged_Off,30,204777.68,1152,2.604
2025-01-01,Prime,17,Current,327,1340534.17,1152,28.385
2025-01-01,Prime,17,DPD_30,7,34785.24,1152,0.608
2025-01-01,Prime,17,DPD_60,4,29485.11,1152,0.347
2025-01-01,Prime,17,DPD_90_PLUS,5,17514.41,1152,0.434
2025-01-01,Prime,17,Paid_Off,85,0.0,1152,7.378
2025-01-01,Prime,18,Charged_Off,34,215589.31,1152,2.951
2025-01-01,Prime,18,Current,322,1248756.6,1152,27.951
2025-01-01,Prime,18,DPD_30,7,30050.99,1152,0.608
2025-01-01,Prime,18,DPD_60,4,24802.68,1152,0.347
2025-01-01,Prime,18,DPD_90_PLUS,3,18352.82,1152,0.26
2025-01-01,Prime,18,Paid_Off,88,0.0,1152,7.639
2025-01-01,Prime,19,Charged_Off,36,229100.16,1152,3.125
2025-01-01,Prime,19,Current,318,1184969.58,1152,27.604
2025-01-01,Prime,19,DPD_30,7,23451.95,1152,0.608
2025-01-01,Prime,19,DPD_60,4,19247.11,1152,0.347
2025-01-01,Prime,19,DPD_90_PLUS,4,21052.43,1152,0.347
2025-01-01,Prime,19,Paid_Off,89,0.0,1152,7.726
2025-01-01,Subprime,1,Current,301,1056960.51,1152,26.128
2025-01-01,Subprime,2,Current,264,885626.69,1152,22.917
2025-01-01,Subprime,2,DPD_30,33,114461.51,1152,2.865
2025-01-01,Subprime,2,Paid_Off,4,0.0,1152,0.347
2025-01-01,Subprime,3,Current,251,806607.3,1152,21.788
2025-01-01,Subprime,3,DPD_30,26,79682.33,1152,2.257
2025-01-01,Subprime,3,DPD_60,19,66278.26,1152,1.649
2025-01-01,Subprime,3,Paid_Off,5,0.0,1152,0.434
2025-01-01,Subprime,4,Current,236,723471.64,1152,20.486
2025-01-01,Subprime,4,DPD_30,25,75672.54,1152,2.17
2025-01-01,Subprime,4,DPD_60,17,54760.619999999995,1152,1.476
2025-01-01,Subprime,4,DPD_90_PLUS,13,42983.39,1152,1.128
2025-01-01,Subprime,4,Paid_Off,10,0.0,1152,0.868
2025-01-01,Subprime,5,Charged_Off,8,27738.58,1152,0.694
2025-01-01,Subprime,5,Current,222,649407.56,1152,19.271
2025-01-01,Subprime,5,DPD_30,25,82034.53,1152,2.17
2025-01-01,Subprime,5,DPD_60,16,41067.78,1152,1.389
2025-01-01,Subprime,5,DPD_90_PLUS,16,46572.200000000004,1152,1.389
2025-01-01,Subprime,5,Paid_Off,14,0.0,1152,1.215
2025-01-01,Subprime,6,Charged_Off,20,65341.6,1152,1.736
2025-01-01,Subprime,6,Current,213,603195.7,1152,18.49
2025-01-01,Subprime,6,DPD_30,21,62116.86,1152,1.823
2025-01-01,Subprime,6,DPD_60,13,29856.989999999998,1152,1.128
2025-01-01,Subprime,6,DPD_90_PLUS,16,39660.23,1152,1.389
2025-01-01,Subprime,6,Paid_Off,18,0.0,1152,1.563
2025-01-01,Subprime,7,Charged_Off,30,95161.58,1152,2.604
2025-01-01,Subprime,7,Current,206,548821.35,1152,17.882
2025-01-01,Subprime,7,DPD_30,23,67455.35,1152,1.997
2025-01-01,Subprime,7,DPD_60,10,25686.15,1152,0.868
2025-01-01,Subprime,7,DPD_90_PLUS,12,20528.25,1152,1.042
2025-01-01,Subprime,7,Paid_Off,20,0.0,1152,1.736
2025-01-01,Subprime,8,Charged_Off,38,109075.75,1152,3.299
2025-01-01,Subprime,8,Current,201,513291.54,1152,17.448
2025-01-01,Subprime,8,DPD_30,17,40074.18,1152,1.476
2025-01-01,Subprime,8,DPD_60,15,46352.48,1152,1.302
2025-01-01,Subprime,8,DPD_90_PLUS,10,19514.13,1152,0.868
2025-01-01,Subprime,8,Paid_Off,20,0.0,1152,1.736
2025-01-01,Subprime,9,Charged_Off,41,115043.01,1152,3.559
2025-01-01,Subprime,9,Current,184,446925.22000000003,1152,15.972
2025-01-01,Subprime,9,DPD_30,27,64972.65,1152,2.344
2025-01-01,Subprime,9,DPD_60,14,33730.01,1152,1.215
2025-01-01,Subprime,9,DPD_90_PLUS,14,36768.5,1152,1.215
2025-01-01,Subprime,9,Paid_Off,21,0.0,1152,1.823
2025-01-01,Subprime,10,Charged_Off,50,143620.11000000002,1152,4.34
2025-01-01,Subprime,10,Current,180,417978.66,1152,15.625
2025-01-01,Subprime,10,DPD_30,17,40492.82,1152,1.476
2025-01-01,Subprime,10,DPD_60,19,41651.94,1152,1.649
2025-01-01,Subprime,10,DPD_90_PLUS,12,21422.74,1152,1.042
2025-01-01,Subprime,10,Paid_Off,23,0.0,1152,1.997
2025-01-01,Subprime,11,Charged_Off,57,154990.19,1152,4.948
2025-01-01,Subprime,11,Current,175,387139.78,1152,15.191
2025-01-01,Subprime,11,DPD_30,17,39602.28,1152,1.476
2025-01-01,Subprime,11,DPD_60,9,18942.42,1152,0.781
2025-01-01,Subprime,11,DPD_90_PLUS,16,35988.76,1152,1.389
2025-01-01,Subprime,11,Paid_Off,27,0.0,1152,2.344
2025-01-01,Subprime,12,Charged_Off,63,172285.27,1152,5.469
2025-01-01,Subprime,12,Current,163,344156.66,1152,14.149
2025-01-01,Subprime,12,DPD_30,18,38514.95,1152,1.563
2025-01-01,Subprime,12,DPD_60,13,29094.06,1152,1.128
2025-01-01,Subprime,12,DPD_90_PLUS,16,29977.559999999998,1152,1.389
2025-01-01,Subprime,12,Paid_Off,28,0.0,1152,2.431
2025-01-01,Subprime,13,Charged_Off,70,184565.68,1152,6.076
2025-01-01,Subprime,13,Current,151,303851.12,1152,13.108
2025-01-01,Subprime,13,DPD_30,17,36205.83,1152,1.476
2025-01-01,Subprime,13,DPD_60,13,29229.59,1152,1.128
2025-01-01,Subprime,13,DPD_90_PLUS,16,30074.16,1152,1.389
2025-01-01,Subprime,13,Paid_Off,34,0.0,1152,2.951
2025-01-01,Subprime,14,Charged_Off,76,194822.73,1152,6.597
2025-01-01,Subprime,14,Current,149,289532.97,1152,12.934
2025-01-01,Subprime,14,DPD_30,14,22509.36,1152,1.215
2025-01-01,Subprime,14,DPD_60,7,20690.239999999998,1152,0.608
2025-01-01,Subprime,14,DPD_90_PLUS,19,34425.51,1152,1.649
2025-01-01,Subprime,14,Paid_Off,36,0.0,1152,3.125
2025-01-01,Subprime,15,Charged_Off,87,220119.73,1152,7.552
2025-01-01,Subprime,15,Current,138,254294.07,1152,11.979
2025-01-01,Subprime,15,DPD_30,17,31487.87,1152,1.476
2025-01-01,Subprime,15,DPD_60,8,15676.66,1152,0.694
2025-01-01,Subprime,15,DPD_90_PLUS,10,16029.960000000001,1152,0.868
2025-01-01,Subprime,15,Paid_Off,41,0.0,1152,3.559
2025-01-01,Subprime,16,Charged_Off,95,233403.11000000002,1152,8.247
2025-01-01,Subprime,16,Current,132,232802.09,1152,11.458
2025-01-01,Subprime,16,DPD_30,13,24061.93,1152,1.128
2025-01-01,Subprime,16,DPD_60,12,20167.68,1152,1.042
2025-01-01,Subprime,16,DPD_90_PLUS,7,11941.47,1152,0.608
2025-01-01,Subprime,16,Paid_Off,42,0.0,1152,3.646
2025-01-01,Subprime,17,Charged_Off,100,240428.12,1152,8.681
2025-01-01,Subprime,17,Current,130,221292.99,1152,11.285
2025-01-01,Subprime,17,DPD_30,12,22857.57,1152,1.042
2025-01-01,Subprime,17,DPD_60,6,7723.41,1152,0.521
2025-01-01,Subprime,17,DPD_90_PLUS,9,16805.01,1152,0.781
2025-01-01,Subprime,17,Paid_Off,44,0.0,1152,3.819
2025-01-01,Subprime,18,Charged_Off,106,249189.43,1152,9.201
2025-01-01,Subprime,18,Current,126,204528.14,1152,10.938
2025-01-01,Subprime,18,DPD_30,8,16936.49,1152,0.694
2025-01-01,Subprime,18,DPD_60,9,14734.74,1152,0.781
2025-01-01,Subprime,18,DPD_90_PLUS,6,8760.82,1152,0.521
2025-01-01,Subprime,18,Paid_Off,46,0.0,1152,3.993
2025-01-01,Subprime,19,Charged_Off,108,251182.09,1152,9.375
2025-01-01,Subprime,19,Current,117,186750.52,1152,10.156
2025-01-01,Subprime,19,DPD_30,13,16591.3,1152,1.128
2025-01-01,Subprime,19,DPD_60,6,10554.05,1152,0.521
2025-01-01,Subprime,19,DPD_90_PLUS,7,12365.15,1152,0.608
2025-01-01,Subprime,19,Paid_Off,50,0.0,1152,4.34
2025-02-01,Near_Prime,1,Current,341,1910321.05,980,34.796
2025-02-01,Near_Prime,2,Current,322,1737490.68,980,32.857
2025-02-01,Near_Prime,2,DPD_30,12,52953.46,980,1.224
2025-02-01,Near_Prime,2,Paid_Off,7,0.0,980,0.714
2025-02-01,Near_Prime,3,Current,302,1562862.19,980,30.816
2025-02-01,Near_Prime,3,DPD_30,19,88183.5,980,1.939
2025-02-01,Near_Prime,3,DPD_60,5,17389.82,980,0.51
2025-02-01,Near_Prime,3,Paid_Off,15,0.0,980,1.531
2025-02-01,Near_Prime,4,Current,292,1431690.02,980,29.796
2025-02-01,Near_Prime,4,DPD_30,19,89132.85,980,1.939
2025-02-01,Near_Prime,4,DPD_60,9,34587.25,980,0.918
2025-02-01,Near_Prime,4,DPD_90_PLUS,2,8452.83,980,0.204
2025-02-01,Near_Prime,4,Paid_Off,19,0.0,980,1.939
2025-02-01,Near_Prime,5,Charged_Off,2,8452.83,980,0.204
2025-02-01,Near_Prime,5,Current,284,1344519.98,980,28.98
2025-02-01,Near_Prime,5,DPD_30,17,68094.25,980,1.735
2025-02-01,Near_Prime,5,DPD_60,9,25901.88,980,0.918
2025-02-01,Near_Prime,5,DPD_90_PLUS,6,22023.91,980,0.612
2025-02-01,Near_Prime,5,Paid_Off,23,0.0,980,2.347
2025-02-01,Near_Prime,6,Charged_Off,6,23905.07,980,0.612
2025-02-01,Near_Prime,6,Current,278,1246128.34,980,28.367
2025-02-01,Near_Prime,6,DPD_30,15,73263.13,980,1.531
2025-02-01,Near_Prime,6,DPD_60,9,28547.19,980,0.918
2025-02-01,Near_Prime,6,DPD_90_PLUS,7,23063.4,980,0.714
2025-02-01,Near_Prime,6,Paid_Off,26,0.0,980,2.653
2025-02-01,Near_Prime,7,Charged_Off,13,46968.47,980,1.327
2025-02-01,Near_Prime,7,Current,270,1151181.33,980,27.551
2025-02-01,Near_Prime,7,DPD_30,17,75599.61,980,1.735
2025-02-01,Near_Prime,7,DPD_60,5,15043.26,980,0.51
2025-02-01,Near_Prime,7,DPD_90_PLUS,5,17387.5,980,0.51
2025-02-01,Near_Prime,7,Paid_Off,31,0.0,980,3.163
2025-02-01,Near_Prime,8,Charged_Off,17,60793.590000000004,980,1.735
2025-02-01,Near_Prime,8,Current,262,1071152.59,980,26.735
2025-02-01,Near_Prime,8,DPD_30,19,76783.04,980,1.939
2025-02-01,Near_Prime,8,DPD_60,6,17915.5,980,0.612
2025-02-01,Near_Prime,8,DPD_90_PLUS,2,9673.380000000001,980,0.204
2025-02-01,Near_Prime,8,Paid_Off,35,0.0,980,3.571
2025-02-01,Near_Prime,9,Charged_Off,17,60793.590000000004,980,1.735
2025-02-01,Near_Prime,9,Current,262,1024685.48,980,26.735
2025-02-01,Near_Prime,9,DPD_30,14,53381.799999999996,980,1.429
2025-02-01,Near_Prime,9,DPD_60,4,9250.02,980,0.408
2025-02-01,Near_Prime,9,DPD_90_PLUS,6,24585.48,980,0.612
2025-02-01,Near_Prime,9,Paid_Off,38,0.0,980,3.878
2025-02-01,Near_Prime,10,Charged_Off,20,73784.99,980,2.041
2025-02-01,Near_Prime,10,Current,258,966470.67,980,26.327
2025-02-01,Near_Prime,10,DPD_30,10,28760.61,980,1.02
2025-02-01,Near_Prime,10,DPD_60,7,29016.96,980,0.714
2025-02-01,Near_Prime,10,DPD_90_PLUS,4,11061.939999999999,980,0.408
2025-02-01,Near_Prime,10,Paid_Off,42,0.0,980,4.286
2025-02-01,Near_Prime,11,Charged_Off,23,82221.96,980,2.347
2025-02-01,Near_Prime,11,Current,246,882641.77,980,25.102
2025-02-01,Near_Prime,11,DPD_30,18,62513.81,980,1.837
2025-02-01,Near_Prime,11,DPD_60,7,24306.31,980,0.714
2025-02-01,Near_Prime,11,DPD_90_PLUS,3,8634.03,980,0.306
2025-02-01,Near_Prime,11,Paid_Off,44,0.0,980,4.49
2025-02-01,Near_Prime,12,Charged_Off,25,87836.45,980,2.551
2025-02-01,Near_Prime,12,Current,245,855733.01,980,25.0
2025-02-01,Near_Prime,12,DPD_30,11,28726.219999999998,980,1.122
2025-02-01,Near_Prime,12,DPD_60,6,18219.1,980,0.612
2025-02-01,Near_Prime,12,DPD_90_PLUS,7,20546.9,980,0.714
2025-02-01,Near_Prime,12,Paid_Off,47,0.0,980,4.796
2025-02-01,Near_Prime,13,Charged_Off,29,97999.64,980,2.959
2025-02-01,Near_Prime,13,Current,242,805594.9400000001,980,24.694
2025-02-01,Near_Prime,13,DPD_30,10,25728.64,980,1.02
2025-02-01,Near_Prime,13,DPD_60,3,11466.18,980,0.306
2025-02-01,Near_Prime,13,DPD_90_PLUS,8,23901.15,980,0.816
2025-02-01,Near_Prime,13,Paid_Off,49,0.0,980,5.0
2025-02-01,Near_Prime,14,Charged_Off,34,113130.43000000001,980,3.469
2025-02-01,Near_Prime,14,Current,237,748601.47,980,24.184
2025-02-01,Near_Prime,14,DPD_30,13,41749.94,980,1.327
2025-02-01,Near_Prime,14,DPD_60,2,5814.23,980,0.204
2025-02-01,Near_Prime,14,DPD_90_PLUS,4,10924.380000000001,980,0.408
2025-02-01,Near_Prime,14,Paid_Off,51,0.0,980,5.204
2025-02-01,Near_Prime,15,Charged_Off,37,121822.89,980,3.776
2025-02-01,Near_Prime,15,Current,231,693648.92,980,23.571
2025-02-01,Near_Prime,15,DPD_30,12,42713.7,980,1.224
2025-02-01,Near_Prime,15,DPD_60,5,11376.6,980,0.51
2025-02-01,Near_Prime,15,DPD_90_PLUS,1,2164.33,980,0.102
2025-02-01,Near_Prime,15,Paid_Off,55,0.0,980,5.612
2025-02-01,Near_Prime,16,Charged_Off,37,121822.89,980,3.776
2025-02-01,Near_Prime,16,Current,219,638183.22,980,22.347
2025-02-01,Near_Prime,16,DPD_30,18,47684.23,980,1.837
2025-02-01,Near_Prime,16,DPD_60,4,12021.49,980,0.408
2025-02-01,Near_Prime,16,DPD_90_PLUS,5,12391.65,980,0.51
2025-02-01,Near_Prime,16,Paid_Off,58,0.0,980,5.918
2025-02-01,Near_Prime,17,Charged_Off,40,129232.71,980,4.082
2025-02-01,Near_Prime,17,Current,215,589819.32,980,21.939
2025-02-01,Near_Prime,17,DPD_30,15,39204.02,980,1.531
2025-02-01,Near_Prime,17,DPD_60,6,18813.81,980,0.612
2025-02-01,Near_Prime,17,DPD_90_PLUS,5,11825.18,980,0.51
2025-02-01,Near_Prime,17,Paid_Off,60,0.0,980,6.122
2025-02-01,Near_Prime,18,Charged_Off,43,136344.4,980,4.388
2025-02-01,Near_Prime,18,Current,209,555225.66,980,21.327
2025-02-01,Near_Prime,18,DPD_30,15,31009.57,980,1.531
2025-02-01,Near_Prime,18,DPD_60,6,16703.32,980,0.612
2025-02-01,Near_Prime,18,DPD_90_PLUS,6,17240.37,980,0.612
2025-02-01,Near_Prime,18,Paid_Off,62,0.0,980,6.327
2025-02-01,Prime,1,Current,396,3274005.55,980,40.408
2025-02-01,Prime,2,Current,384,3003056.41,980,39.184
2025-02-01,Prime,2,DPD_30,8,91266.58,980,0.816
2025-02-01,Prime,2,Paid_Off,4,0.0,980,0.408
2025-02-01,Prime,3,Current,373,2789135.51,980,38.061
2025-02-01,Prime,3,DPD_30,12,124504.82,980,1.224
2025-02-01,Prime,3,DPD_60,2,15056.95,980,0.204
2025-02-01,Prime,3,Paid_Off,9,0.0,980,0.918
2025-02-01,Prime,4,Current,368,2638277.11,980,37.551
2025-02-01,Prime,4,DPD_30,12,100241.72,980,1.224
2025-02-01,Prime,4,DPD_90_PLUS,1,5506.88,980,0.102
2025-02-01,Prime,4,Paid_Off,15,0.0,980,1.531
2025-02-01,Prime,5,Charged_Off,1,5506.88,980,0.102
2025-02-01,Prime,5,Current,361,2504223.7399999998,980,36.837
2025-02-01,Prime,5,DPD_30,10,55816.64,980,1.02
2025-02-01,Prime,5,DPD_60,3,25246.5,980,0.306
2025-02-01,Prime,5,Paid_Off,21,0.0,980,2.143
2025-02-01,Prime,6,Charged_Off,1,5506.88,980,0.102
2025-02-01,Prime,6,Current,357,2323870.9,980,36.429
2025-02-01,Prime,6,DPD_30,11,88087.01,980,1.122
2025-02-01,Prime,6,DPD_60,1,3183.84,980,0.102
2025-02-01,Prime,6,DPD_90_PLUS,2,21125.379999999997,980,0.204
2025-02-01,Prime,6,Paid_Off,24,0.0,980,2.449
2025-02-01,Prime,7,Charged_Off,3,26632.26,980,0.306
2025-02-01,Prime,7,Current,352,2195919.5,980,35.918
2025-02-01,Prime,7,DPD_30,8,63592.05,980,0.816
2025-02-01,Prime,7,DPD_60,1,2762.76,980,0.102
2025-02-01,Prime,7,DPD_90_PLUS,1,3046.01,980,0.102
2025-02-01,Prime,7,Paid_Off,31,0.0,980,3.163
2025-02-01,Prime,8,Charged_Off,4,29678.27,980,0.408
2025-02-01,Prime,8,Current,350,2078265.97,980,35.714
2025-02-01,Prime,8,DPD_30,5,38438.66,980,0.51
2025-02-01,Prime,8,DPD_60,3,27442.54,980,0.306
2025-02-01,Prime,8,DPD_90_PLUS,1,2638.6,980,0.102
2025-02-01,Prime,8,Paid_Off,33,0.0,980,3.367
2025-02-01,Prime,9,Charged_Off,4,29678.27,980,0.408
2025-02-01,Prime,9,Current,341,1962827.34,980,34.796
2025-02-01,Prime,9,DPD_30,6,28738.33,980,0.612
2025-02-01,Prime,9,DPD_60,3,10794.279999999999,980,0.306
2025-02-01,Prime,9,DPD_90_PLUS,3,24721.329999999998,980,0.306
2025-02-01,Prime,9,Paid_Off,39,0.0,980,3.98
2025-02-01,Prime,10,Charged_Off,5,32196.2,980,0.51
2025-02-01,Prime,10,Current,336,1843982.82,980,34.286
2025-02-01,Prime,10,DPD_30,9,43327.54,980,0.918
2025-02-01,Prime,10,DPD_60,3,23937.13,980,0.306
2025-02-01,Prime,10,DPD_90_PLUS,3,15077.34,980,0.306
2025-02-01,Prime,10,Paid_Off,40,0.0,980,4.082
2025-02-01,Prime,11,Charged_Off,7,43154.4,980,0.714
2025-02-01,Prime,11,Current,328,1707331.57,980,33.469
2025-02-01,Prime,11,DPD_30,10,62797.51,980,1.02
2025-02-01,Prime,11,DPD_60,4,23099.44,980,0.408
2025-02-01,Prime,11,DPD_90_PLUS,2,9440.779999999999,980,0.204
2025-02-01,Prime,11,Paid_Off,45,0.0,980,4.592
2025-02-01,Prime,12,Charged_Off,8,48637.64,980,0.816
2025-02-01,Prime,12,Current,317,1555755.13,980,32.347
2025-02-01,Prime,12,DPD_30,16,88611.68000000001,980,1.633
2025-02-01,Prime,12,DPD_60,2,11671.25,980,0.204
2025-02-01,Prime,12,DPD_90_PLUS,4,21227.22,980,0.408
2025-02-01,Prime,12,Paid_Off,49,0.0,980,5.0
2025-02-01,Prime,13,Charged_Off,10,63306.88,980,1.02
2025-02-01,Prime,13,Current,314,1489816.11,980,32.041
2025-02-01,Prime,13,DPD_30,9,31335.54,980,0.918
2025-02-01,Prime,13,DPD_60,7,39125.89,980,0.714
2025-02-01,Prime,13,DPD_90_PLUS,2,6296.96,980,0.204
2025-02-01,Prime,13,Paid_Off,54,0.0,980,5.51
2025-02-01,Prime,14,Charged_Off,11,66691.53,980,1.122
2025-02-01,Prime,14,Current,311,1400849.04,980,31.735
2025-02-01,Prime,14,DPD_30,6,32035.17,980,0.612
2025-02-01,Prime,14,DPD_60,6,17700.34,980,0.612
2025-02-01,Prime,14,DPD_90_PLUS,5,23641.99,980,0.51
2025-02-01,Prime,14,Paid_Off,57,0.0,980,5.816
2025-02-01,Prime,15,Charged_Off,15,83187.65,980,1.531
2025-02-01,Prime,15,Current,305,1312363.99,980,31.122
2025-02-01,Prime,15,DPD_30,9,37997.33,980,0.918
2025-02-01,Prime,15,DPD_60,2,9993.22,980,0.204
2025-02-01,Prime,15,DPD_90_PLUS,5,16363.92,980,0.51
2025-02-01,Prime,15,Paid_Off,60,0.0,980,6.122
2025-02-01,Prime,16,Charged_Off,16,89931.73,980,1.633
2025-02-01,Prime,16,Current,302,1237494.17,980,30.816
2025-02-01,Prime,16,DPD_30,7,25952.11,980,0.714
2025-02-01,Prime,16,DPD_60,2,14206.0,980,0.204
2025-02-01,Prime,16,DPD_90_PLUS,4,9260.45,980,0.408
2025-02-01,Prime,16,Paid_Off,65,0.0,980,6.633
2025-02-01,Prime,17,Charged_Off,19,97008.16,980,1.939
2025-02-01,Prime,17,Current,296,1158744.83,980,30.204
2025-02-01,Prime,17,DPD_30,7,30316.55,980,0.714
2025-02-01,Prime,17,DPD_60,5,21710.58,980,0.51
2025-02-01,Prime,17,DPD_90_PLUS,1,2117.54,980,0.102
2025-02-01,Prime,17,Paid_Off,68,0.0,980,6.939
2025-02-01,Prime,18,Charged_Off,19,97008.16,980,1.939
2025-02-01,Prime,18,Current,290,1091368.24,980,29.592
2025-02-01,Prime,18,DPD_30,7,21147.36,980,0.714
2025-02-01,Prime,18,DPD_60,2,10653.08,980,0.204
2025-02-01,Prime,18,DPD_90_PLUS,6,22708.5,980,0.612
2025-02-01,Prime,18,Paid_Off,72,0.0,980,7.347
2025-02-01,Subprime,1,Current,243,793386.77,980,24.796
2025-02-01,Subprime,2,Current,224,694647.04,980,22.857
2025-02-01,Subprime,2,DPD_30,16,53374.11,980,1.633
2025-02-01,Subprime,2,Paid_Off,3,0.0,980,0.306
2025-02-01,Subprime,3,Current,211,627080.57,980,21.531
2025-02-01,Subprime,3,DPD_30,25,73166.33,980,2.551
2025-02-01,Subprime,3,DPD_60,3,12259.51,980,0.306
2025-02-01,Subprime,3,Paid_Off,4,0.0,980,0.408
2025-02-01,Subprime,4,Current,196,550927.73,980,20.0
2025-02-01,Subprime,4,DPD_30,29,86885.35,980,2.959
2025-02-01,Subprime,4,DPD_60,7,21872.04,980,0.714
2025-02-01,Subprime,4,DPD_90_PLUS,3,11743.21,980,0.306
2025-02-01,Subprime,4,Paid_Off,8,0.0,980,0.816
2025-02-01,Subprime,5,Charged_Off,2,5671.639999999999,980,0.204
2025-02-01,Subprime,5,Current,183,508593.63,980,18.673
2025-02-01,Subprime,5,DPD_30,31,74727.64,980,3.163
2025-02-01,Subprime,5,DPD_60,9,27069.51,980,0.918
2025-02-01,Subprime,5,DPD_90_PLUS,7,20106.79,980,0.714
2025-02-01,Subprime,5,Paid_Off,11,0.0,980,1.122
2025-02-01,Subprime,6,Charged_Off,4,10220.3,980,0.408
2025-02-01,Subprime,6,Current,180,473192.37,980,18.367
2025-02-01,Subprime,6,DPD_30,25,60362.04,980,2.551
2025-02-01,Subprime,6,DPD_60,11,26315.49,980,1.122
2025-02-01,Subprime,6,DPD_90_PLUS,10,29217.11,980,1.02
2025-02-01,Subprime,6,Paid_Off,13,0.0,980,1.327
2025-02-01,Subprime,7,Charged_Off,10,26760.73,980,1.02
2025-02-01,Subprime,7,Current,172,430374.34,980,17.551
2025-02-01,Subprime,7,DPD_30,20,53562.72,980,2.041
2025-02-01,Subprime,7,DPD_60,15,31093.19,980,1.531
2025-02-01,Subprime,7,DPD_90_PLUS,9,22624.89,980,0.918
2025-02-01,Subprime,7,Paid_Off,17,0.0,980,1.735
2025-02-01,Subprime,8,Charged_Off,15,38456.27,980,1.531
2025-02-01,Subprime,8,Current,158,363695.11,980,16.122
2025-02-01,Subprime,8,DPD_30,30,86468.45,980,3.061
2025-02-01,Subprime,8,DPD_60,7,18805.010000000002,980,0.714
2025-02-01,Subprime,8,DPD_90_PLUS,13,28119.1,980,1.327
2025-02-01,Subprime,8,Paid_Off,20,0.0,980,2.041
2025-02-01,Subprime,9,Charged_Off,23,52095.3,980,2.347
2025-02-01,Subprime,9,Current,152,336469.39,980,15.51
2025-02-01,Subprime,9,DPD_30,22,55162.770000000004,980,2.245
2025-02-01,Subprime,9,DPD_60,11,32556.98,980,1.122
2025-02-01,Subprime,9,DPD_90_PLUS,11,27070.66,980,1.122
2025-02-01,Subprime,9,Paid_Off,24,0.0,980,2.449
2025-02-01,Subprime,10,Charged_Off,31,72548.22,980,3.163
2025-02-01,Subprime,10,Current,150,326207.27,980,15.306
2025-02-01,Subprime,10,DPD_30,19,36376.12,980,1.939
2025-02-01,Subprime,10,DPD_60,7,18468.6,980,0.714
2025-02-01,Subprime,10,DPD_90_PLUS,12,29803.46,980,1.224
2025-02-01,Subprime,10,Paid_Off,24,0.0,980,2.449
2025-02-01,Subprime,11,Charged_Off,38,87073.38,980,3.878
2025-02-01,Subprime,11,Current,151,311888.14,980,15.408
2025-02-01,Subprime,11,DPD_30,12,24617.23,980,1.224
2025-02-01,Subprime,11,DPD_60,7,14356.23,980,0.714
2025-02-01,Subprime,11,DPD_90_PLUS,10,26775.35,980,1.02
2025-02-01,Subprime,11,Paid_Off,25,0.0,980,2.551
2025-02-01,Subprime,12,Charged_Off,46,109715.3,980,4.694
2025-02-01,Subprime,12,Current,140,274985.7,980,14.286
2025-02-01,Subprime,12,DPD_30,16,32850.35,980,1.633
2025-02-01,Subprime,12,DPD_60,11,21161.73,980,1.122
2025-02-01,Subprime,12,DPD_90_PLUS,3,4445.92,980,0.306
2025-02-01,Subprime,12,Paid_Off,27,0.0,980,2.755
2025-02-01,Subprime,13,Charged_Off,48,111829.25,980,4.898
2025-02-01,Subprime,13,Current,135,257369.48,980,13.776
2025-02-01,Subprime,13,DPD_30,17,27613.74,980,1.735
2025-02-01,Subprime,13,DPD_60,7,13700.01,980,0.714
2025-02-01,Subprime,13,DPD_90_PLUS,8,17301.49,980,0.816
2025-02-01,Subprime,13,Paid_Off,28,0.0,980,2.857
2025-02-01,Subprime,14,Charged_Off,54,125076.06999999999,980,5.51
2025-02-01,Subprime,14,Current,125,231267.37,980,12.755
2025-02-01,Subprime,14,DPD_30,16,21987.15,980,1.633
2025-02-01,Subprime,14,DPD_60,9,14511.08,980,0.918
2025-02-01,Subprime,14,DPD_90_PLUS,6,12792.41,980,0.612
2025-02-01,Subprime,14,Paid_Off,33,0.0,980,3.367
2025-02-01,Subprime,15,Charged_Off,58,134435.21,980,5.918
2025-02-01,Subprime,15,Current,122,215715.02,980,12.449
2025-02-01,Subprime,15,DPD_30,13,20579.39,980,1.327
2025-02-01,Subprime,15,DPD_60,7,9997.4,980,0.714
2025-02-01,Subprime,15,DPD_90_PLUS,9,11511.12,980,0.918
2025-02-01,Subprime,15,Paid_Off,34,0.0,980,3.469
2025-02-01,Subprime,16,Charged_Off,62,139919.8,980,6.327
2025-02-01,Subprime,16,Current,112,183403.72,980,11.429
2025-02-01,Subprime,16,DPD_30,19,34184.02,980,1.939
2025-02-01,Subprime,16,DPD_60,5,9027.89,980,0.51
2025-02-01,Subprime,16,DPD_90_PLUS,10,11312.95,980,1.02
2025-02-01,Subprime,16,Paid_Off,35,0.0,980,3.571
2025-02-01,Subprime,17,Charged_Off,68,145656.28,980,6.939
2025-02-01,Subprime,17,Current,114,175504.47,980,11.633
2025-02-01,Subprime,17,DPD_30,10,19575.05,980,1.02
2025-02-01,Subprime,17,DPD_60,5,9233.64,980,0.51
2025-02-01,Subprime,17,DPD_90_PLUS,7,9551.53,980,0.714
2025-02-01,Subprime,17,Paid_Off,39,0.0,980,3.98
2025-02-01,Subprime,18,Charged_Off,73,153455.49,980,7.449
2025-02-01,Subprime,18,Current,105,156856.55,980,10.714
2025-02-01,Subprime,18,DPD_30,12,18766.440000000002,980,1.224
2025-02-01,Subprime,18,DPD_60,7,10874.289999999999,980,0.714
2025-02-01,Subprime,18,DPD_90_PLUS,5,8707.33,980,0.51
2025-02-01,Subprime,18,Paid_Off,41,0.0,980,4.184
2025-03-01,Near_Prime,1,Current,303,1861526.19,907,33.407
2025-03-01,Near_Prime,2,Current,283,1674741.71,907,31.202
2025-03-01,Near_Prime,2,DPD_30,13,64450.159999999996,907,1.433
2025-03-01,Near_Prime,2,Paid_Off,7,0.0,907,0.772
2025-03-01,Near_Prime,3,Current,281,1591712.19,907,30.981
2025-03-01,Near_Prime,3,DPD_30,9,29924.96,907,0.992
2025-03-01,Near_Prime,3,DPD_60,2,9096.7,907,0.221
2025-03-01,Near_Prime,3,Paid_Off,11,0.0,907,1.213
2025-03-01,Near_Prime,4,Current,262,1414185.16,907,28.886
2025-03-01,Near_Prime,4,DPD_30,18,74667.34,907,1.985
2025-03-01,Near_Prime,4,DPD_60,3,6654.27,907,0.331
2025-03-01,Near_Prime,4,DPD_90_PLUS,1,3140.23,907,0.11
2025-03-01,Near_Prime,4,Paid_Off,19,0.0,907,2.095
2025-03-01,Near_Prime,5,Charged_Off,1,3140.23,907,0.11
2025-03-01,Near_Prime,5,Current,258,1332330.66,907,28.445
2025-03-01,Near_Prime,5,DPD_30,12,45900.39,907,1.323
2025-03-01,Near_Prime,5,DPD_60,5,18170.2,907,0.551
2025-03-01,Near_Prime,5,DPD_90_PLUS,3,6303.71,907,0.331
2025-03-01,Near_Prime,5,Paid_Off,24,0.0,907,2.646
2025-03-01,Near_Prime,6,Charged_Off,4,9443.94,907,0.441
2025-03-01,Near_Prime,6,Current,253,1226677.49,907,27.894
2025-03-01,Near_Prime,6,DPD_30,9,44487.23,907,0.992
2025-03-01,Near_Prime,6,DPD_60,4,14762.77,907,0.441
2025-03-01,Near_Prime,6,DPD_90_PLUS,4,12243.83,907,0.441
2025-03-01,Near_Prime,6,Paid_Off,29,0.0,907,3.197
2025-03-01,Near_Prime,7,Charged_Off,6,15705.119999999999,907,0.662
2025-03-01,Near_Prime,7,Current,249,1154858.75,907,27.453
2025-03-01,Near_Prime,7,DPD_30,8,36272.68,907,0.882
2025-03-01,Near_Prime,7,DPD_60,5,20108.510000000002,907,0.551
2025-03-01,Near_Prime,7,DPD_90_PLUS,5,15013.72,907,0.551
2025-03-01,Near_Prime,7,Paid_Off,30,0.0,907,3.308
2025-03-01,Near_Prime,8,Charged_Off,8,20297.32,907,0.882
2025-03-01,Near_Prime,8,Current,238,1062624.02,907,26.24
2025-03-01,Near_Prime,8,DPD_30,12,52399.2,907,1.323
2025-03-01,Near_Prime,8,DPD_60,1,1062.12,907,0.11
2025-03-01,Near_Prime,8,DPD_90_PLUS,7,24637.059999999998,907,0.772
2025-03-01,Near_Prime,8,Paid_Off,37,0.0,907,4.079
2025-03-01,Near_Prime,9,Charged_Off,12,34438.0,907,1.323
2025-03-01,Near_Prime,9,Current,235,997760.14,907,25.91
2025-03-01,Near_Prime,9,DPD_30,10,44552.76,907,1.103
2025-03-01,Near_Prime,9,DPD_60,4,16664.8,907,0.441
2025-03-01,Near_Prime,9,DPD_90_PLUS,3,10149.619999999999,907,0.331
2025-03-01,Near_Prime,9,Paid_Off,39,0.0,907,4.3
2025-03-01,Near_Prime,10,Charged_Off,15,44587.619999999995,907,1.654
2025-03-01,Near_Prime,10,Current,228,932174.19,907,25.138
2025-03-01,Near_Prime,10,DPD_30,13,51992.36,907,1.433
2025-03-01,Near_Prime,10,DPD_60,1,996.19,907,0.11
2025-03-01,Near_Prime,10,DPD_90_PLUS,4,15817.62,907,0.441
2025-03-01,Near_Prime,10,Paid_Off,42,0.0,907,4.631
2025-03-01,Near_Prime,11,Charged_Off,15,44587.619999999995,907,1.654
2025-03-01,Near_Prime,11,Current,220,866933.25,907,24.256
2025-03-01,Near_Prime,11,DPD_30,13,46906.23,907,1.433
2025-03-01,Near_Prime,11,DPD_60,5,19172.739999999998,907,0.551
2025-03-01,Near_Prime,11,DPD_90_PLUS,5,16195.98,907,0.551
2025-03-01,Near_Prime,11,Paid_Off,45,0.0,907,4.961
2025-03-01,Near_Prime,12,Charged_Off,19,58150.72,907,2.095
2025-03-01,Near_Prime,12,Current,216,800240.39,907,23.815
2025-03-01,Near_Prime,12,DPD_30,12,42218.99,907,1.323
2025-03-01,Near_Prime,12,DPD_60,8,34831.1,907,0.882
2025-03-01,Near_Prime,12,DPD_90_PLUS,2,8179.08,907,0.221
2025-03-01,Near_Prime,12,Paid_Off,46,0.0,907,5.072
2025-03-01,Near_Prime,13,Charged_Off,20,63815.729999999996,907,2.205
2025-03-01,Near_Prime,13,Current,214,756769.36,907,23.594
2025-03-01,Near_Prime,13,DPD_30,8,24039.07,907,0.882
2025-03-01,Near_Prime,13,DPD_60,9,41726.38,907,0.992
2025-03-01,Near_Prime,13,DPD_90_PLUS,5,13292.43,907,0.551
2025-03-01,Near_Prime,13,Paid_Off,47,0.0,907,5.182
2025-03-01,Near_Prime,14,Charged_Off,22,71248.37,907,2.426
2025-03-01,Near_Prime,14,Current,199,676836.71,907,21.94
2025-03-01,Near_Prime,14,DPD_30,13,43342.25,907,1.433
2025-03-01,Near_Prime,14,DPD_60,7,22171.82,907,0.772
2025-03-01,Near_Prime,14,DPD_90_PLUS,9,35956.08,907,0.992
2025-03-01,Near_Prime,14,Paid_Off,53,0.0,907,5.843
2025-03-01,Near_Prime,15,Charged_Off,25,83471.47,907,2.756
2025-03-01,Near_Prime,15,Current,190,627346.07,907,20.948
2025-03-01,Near_Prime,15,DPD_30,17,50996.43,907,1.874
2025-03-01,Near_Prime,15,DPD_60,6,18453.15,907,0.662
2025-03-01,Near_Prime,15,DPD_90_PLUS,10,27483.14,907,1.103
2025-03-01,Near_Prime,15,Paid_Off,55,0.0,907,6.064
2025-03-01,Near_Prime,16,Charged_Off,30,97837.73,907,3.308
2025-03-01,Near_Prime,16,Current,180,574439.69,907,19.846
2025-03-01,Near_Prime,16,DPD_30,17,50514.91,907,1.874
2025-03-01,Near_Prime,16,DPD_60,11,24170.07,907,1.213
2025-03-01,Near_Prime,16,DPD_90_PLUS,9,27495.6,907,0.992
2025-03-01,Near_Prime,16,Paid_Off,56,0.0,907,6.174
2025-03-01,Near_Prime,17,Charged_Off,38,124592.6,907,4.19
2025-03-01,Near_Prime,17,Current,180,550403.17,907,19.846
2025-03-01,Near_Prime,17,DPD_30,15,43983.270000000004,907,1.654
2025-03-01,Near_Prime,17,DPD_60,3,6803.62,907,0.331
2025-03-01,Near_Prime,17,DPD_90_PLUS,10,18558.22,907,1.103
2025-03-01,Near_Prime,17,Paid_Off,57,0.0,907,6.284
2025-03-01,Prime,1,Current,378,3464790.69,907,41.676
2025-03-01,Prime,2,Current,365,3177757.07,907,40.243
2025-03-01,Prime,2,DPD_30,8,75008.28,907,0.882
2025-03-01,Prime,2,Paid_Off,5,0.0,907,0.551
2025-03-01,Prime,3,Current,365,3022942.87,907,40.243
2025-03-01,Prime,3,DPD_30,3,31767.45,907,0.331
2025-03-01,Prime,3,DPD_60,3,33226.72,907,0.331
2025-03-01,Prime,3,Paid_Off,7,0.0,907,0.772
2025-03-01,Prime,4,Current,352,2799215.38,907,38.809
2025-03-01,Prime,4,DPD_30,9,68703.59,907,0.992
2025-03-01,Prime,4,DPD_60,1,10607.02,907,0.11
2025-03-01,Prime,4,DPD_90_PLUS,3,31693.75,907,0.331
2025-03-01,Prime,4,Paid_Off,13,0.0,907,1.433
2025-03-01,Prime,5,Charged_Off,2,12313.45,907,0.221
2025-03-01,Prime,5,Current,345,2614334.95,907,38.037
2025-03-01,Prime,5,DPD_30,13,102403.08,907,1.433
2025-03-01,Prime,5,DPD_60,1,5268.85,907,0.11
2025-03-01,Prime,5,DPD_90_PLUS,1,18729.95,907,0.11
2025-03-01,Prime,5,Paid_Off,16,0.0,907,1.764
2025-03-01,Prime,6,Charged_Off,2,12313.45,907,0.221
2025-03-01,Prime,6,Current,342,2459576.59,907,37.707
2025-03-01,Prime,6,DPD_30,12,93522.31,907,1.323
2025-03-01,Prime,6,DPD_60,2,16432.16,907,0.221
2025-03-01,Prime,6,DPD_90_PLUS,1,17702.63,907,0.11
2025-03-01,Prime,6,Paid_Off,19,0.0,907,2.095
2025-03-01,Prime,7,Charged_Off,3,30016.08,907,0.331
2025-03-01,Prime,7,Current,337,2288853.52,907,37.155
2025-03-01,Prime,7,DPD_30,11,77815.23,907,1.213
2025-03-01,Prime,7,DPD_60,3,39729.45,907,0.331
2025-03-01,Prime,7,DPD_90_PLUS,1,4166.51,907,0.11
2025-03-01,Prime,7,Paid_Off,23,0.0,907,2.536
2025-03-01,Prime,8,Charged_Off,4,34182.590000000004,907,0.441
2025-03-01,Prime,8,Current,333,2173644.28,907,36.714
2025-03-01,Prime,8,DPD_30,10,56523.79,907,1.103
2025-03-01,Prime,8,DPD_60,2,10623.3,907,0.221
2025-03-01,Prime,8,DPD_90_PLUS,3,37964.520000000004,907,0.331
2025-03-01,Prime,8,Paid_Off,26,0.0,907,2.867
2025-03-01,Prime,9,Charged_Off,7,72147.11,907,0.772
2025-03-01,Prime,9,Current,335,2087713.1,907,36.935
2025-03-01,Prime,9,DPD_30,3,9522.86,907,0.331
2025-03-01,Prime,9,DPD_60,2,12483.68,907,0.221
2025-03-01,Prime,9,DPD_90_PLUS,2,10228.35,907,0.221
2025-03-01,Prime,9,Paid_Off,29,0.0,907,3.197
2025-03-01,Prime,10,Charged_Off,8,76617.37,907,0.882
2025-03-01,Prime,10,Current,328,1922438.22,907,36.163
2025-03-01,Prime,10,DPD_30,6,41743.62,907,0.662
2025-03-01,Prime,10,DPD_90_PLUS,2,8816.56,907,0.221
2025-03-01,Prime,10,Paid_Off,34,0.0,907,3.749
2025-03-01,Prime,11,Charged_Off,9,79890.74,907,0.992
2025-03-01,Prime,11,Current,323,1817229.03,907,35.612
2025-03-01,Prime,11,DPD_30,6,28517.93,907,0.662
2025-03-01,Prime,11,DPD_60,2,12191.18,907,0.221
2025-03-01,Prime,11,DPD_90_PLUS,1,5306.67,907,0.11
2025-03-01,Prime,11,Paid_Off,37,0.0,907,4.079
2025-03-01,Prime,12,Charged_Off,10,85197.41,907,1.103
2025-03-01,Prime,12,Current,314,1669974.8,907,34.62
2025-03-01,Prime,12,DPD_30,9,55638.869999999995,907,0.992
2025-03-01,Prime,12,DPD_60,2,12864.349999999999,907,0.221
2025-03-01,Prime,12,DPD_90_PLUS,1,3779.28,907,0.11
2025-03-01,Prime,12,Paid_Off,42,0.0,907,4.631
2025-03-01,Prime,13,Charged_Off,11,88976.69,907,1.213
2025-03-01,Prime,13,Current,311,1587684.39,907,34.289
2025-03-01,Prime,13,DPD_30,6,23134.18,907,0.662
2025-03-01,Prime,13,DPD_60,2,11617.439999999999,907,0.221
2025-03-01,Prime,13,DPD_90_PLUS,2,12374.41,907,0.221
2025-03-01,Prime,13,Paid_Off,46,0.0,907,5.072
2025-03-01,Prime,14,Charged_Off,13,101351.1,907,1.433
2025-03-01,Prime,14,Current,302,1463010.4,907,33.297
2025-03-01,Prime,14,DPD_30,12,54263.4,907,1.323
2025-03-01,Prime,14,DPD_60,3,16157.43,907,0.331
2025-03-01,Prime,14,Paid_Off,48,0.0,907,5.292
2025-03-01,Prime,15,Charged_Off,13,101351.1,907,1.433
2025-03-01,Prime,15,Current,293,1336511.82,907,32.304
2025-03-01,Prime,15,DPD_30,10,55981.27,907,1.103
2025-03-01,Prime,15,DPD_90_PLUS,3,15348.37,907,0.331
2025-03-01,Prime,15,Paid_Off,59,0.0,907,6.505
2025-03-01,Prime,16,Charged_Off,14,103763.58,907,1.544
2025-03-01,Prime,16,Current,286,1228880.15,907,31.533
2025-03-01,Prime,16,DPD_30,11,65675.79,907,1.213
2025-03-01,Prime,16,DPD_60,3,20383.57,907,0.331
2025-03-01,Prime,16,DPD_90_PLUS,2,12444.01,907,0.221
2025-03-01,Prime,16,Paid_Off,62,0.0,907,6.836
2025-03-01,Prime,17,Charged_Off,15,111553.53,907,1.654
2025-03-01,Prime,17,Current,286,1189384.06,907,31.533
2025-03-01,Prime,17,DPD_30,5,23315.920000000002,907,0.551
2025-03-01,Prime,17,DPD_60,2,8869.08,907,0.221
2025-03-01,Prime,17,DPD_90_PLUS,3,19263.4,907,0.331
2025-03-01,Prime,17,Paid_Off,67,0.0,907,7.387
2025-03-01,Subprime,1,Current,226,723758.18,907,24.917
2025-03-01,Subprime,2,Current,207,642199.65,907,22.822
2025-03-01,Subprime,2,DPD_30,14,38557.4,907,1.544
2025-03-01,Subprime,2,Paid_Off,5,0.0,907,0.551
2025-03-01,Subprime,3,Current,190,552386.51,907,20.948
2025-03-01,Subprime,3,DPD_30,23,74313.11,907,2.536
2025-03-01,Subprime,3,DPD_60,5,17209.84,907,0.551
2025-03-01,Subprime,3,Paid_Off,8,0.0,907,0.882
2025-03-01,Subprime,4,Current,175,477808.22000000003,907,19.294
2025-03-01,Subprime,4,DPD_30,25,81278.67,907,2.756
2025-03-01,Subprime,4,DPD_60,10,34188.38,907,1.103
2025-03-01,Subprime,4,DPD_90_PLUS,4,13250.08,907,0.441
2025-03-01,Subprime,4,Paid_Off,12,0.0,907,1.323
2025-03-01,Subprime,5,Charged_Off,2,2898.62,907,0.221
2025-03-01,Subprime,5,Current,172,448757.06,907,18.964
2025-03-01,Subprime,5,DPD_30,18,55986.409999999996,907,1.985
2025-03-01,Subprime,5,DPD_60,14,43395.1,907,1.544
2025-03-01,Subprime,5,DPD_90_PLUS,6,23777.44,907,0.662
2025-03-01,Subprime,5,Paid_Off,14,0.0,907,1.544
2025-03-01,Subprime,6,Charged_Off,7,20214.87,907,0.772
2025-03-01,Subprime,6,Current,160,397582.36,907,17.641
2025-03-01,Subprime,6,DPD_30,24,62968.55,907,2.646
2025-03-01,Subprime,6,DPD_60,8,28027.04,907,0.882
2025-03-01,Subprime,6,DPD_90_PLUS,12,38947.15,907,1.323
2025-03-01,Subprime,6,Paid_Off,15,0.0,907,1.654
2025-03-01,Subprime,7,Charged_Off,16,54285.19,907,1.764
2025-03-01,Subprime,7,Current,160,375428.82,907,17.641
2025-03-01,Subprime,7,DPD_30,13,33823.69,907,1.433
2025-03-01,Subprime,7,DPD_60,11,28442.53,907,1.213
2025-03-01,Subprime,7,DPD_90_PLUS,10,29754.81,907,1.103
2025-03-01,Subprime,7,Paid_Off,16,0.0,907,1.764
2025-03-01,Subprime,8,Charged_Off,23,69862.89,907,2.536
2025-03-01,Subprime,8,Current,149,334613.01,907,16.428
2025-03-01,Subprime,8,DPD_30,24,57973.62,907,2.646
2025-03-01,Subprime,8,DPD_60,2,5503.16,907,0.221
2025-03-01,Subprime,8,DPD_90_PLUS,11,32839.33,907,1.213
2025-03-01,Subprime,8,Paid_Off,17,0.0,907,1.874
2025-03-01,Subprime,9,Charged_Off,29,86625.11,907,3.197
2025-03-01,Subprime,9,Current,148,316513.97,907,16.318
2025-03-01,Subprime,9,DPD_30,16,37023.46,907,1.764
2025-03-01,Subprime,9,DPD_60,10,23564.68,907,1.103
2025-03-01,Subprime,9,DPD_90_PLUS,6,18815.73,907,0.662
2025-03-01,Subprime,9,Paid_Off,17,0.0,907,1.874
2025-03-01,Subprime,10,Charged_Off,33,96592.3,907,3.638
2025-03-01,Subprime,10,Current,135,272047.86,907,14.884
2025-03-01,Subprime,10,DPD_30,21,52464.64,907,2.315
2025-03-01,Subprime,10,DPD_60,7,16938.91,907,0.772
2025-03-01,Subprime,10,DPD_90_PLUS,8,18556.28,907,0.882
2025-03-01,Subprime,10,Paid_Off,22,0.0,907,2.426
2025-03-01,Subprime,11,Charged_Off,36,104916.42,907,3.969
2025-03-01,Subprime,11,Current,132,255073.26,907,14.553
2025-03-01,Subprime,11,DPD_30,20,41042.83,907,2.205
2025-03-01,Subprime,11,DPD_60,5,16756.55,907,0.551
2025-03-01,Subprime,11,DPD_90_PLUS,10,21772.74,907,1.103
2025-03-01,Subprime,11,Paid_Off,23,0.0,907,2.536
2025-03-01,Subprime,12,Charged_Off,44,121968.16,907,4.851
2025-03-01,Subprime,12,Current,134,257958.83,907,14.774
2025-03-01,Subprime,12,DPD_30,13,21689.87,907,1.433
2025-03-01,Subprime,12,DPD_60,7,13862.4,907,0.772
2025-03-01,Subprime,12,DPD_90_PLUS,4,9527.78,907,0.441
2025-03-01,Subprime,12,Paid_Off,24,0.0,907,2.646
2025-03-01,Subprime,13,Charged_Off,48,131495.94,907,5.292
2025-03-01,Subprime,13,Current,125,225259.76,907,13.782
2025-03-01,Subprime,13,DPD_30,18,37490.4,907,1.985
2025-03-01,Subprime,13,DPD_60,6,9403.0,907,0.662
2025-03-01,Subprime,13,DPD_90_PLUS,2,4491.79,907,0.221
2025-03-01,Subprime,13,Paid_Off,27,0.0,907,2.977
2025-03-01,Subprime,14,Charged_Off,49,132069.99,907,5.402
2025-03-01,Subprime,14,Current,116,206173.03,907,12.789
2025-03-01,Subprime,14,DPD_30,17,28543.15,907,1.874
2025-03-01,Subprime,14,DPD_60,6,10091.72,907,0.662
2025-03-01,Subprime,14,DPD_90_PLUS,6,11549.65,907,0.662
2025-03-01,Subprime,14,Paid_Off,32,0.0,907,3.528
2025-03-01,Subprime,15,Charged_Off,53,139752.46,907,5.843
2025-03-01,Subprime,15,Current,108,179670.57,907,11.907
2025-03-01,Subprime,15,DPD_30,21,38547.06,907,2.315
2025-03-01,Subprime,15,DPD_60,6,9875.52,907,0.662
2025-03-01,Subprime,15,DPD_90_PLUS,4,5995.1,907,0.441
2025-03-01,Subprime,15,Paid_Off,34,0.0,907,3.749
2025-03-01,Subprime,16,Charged_Off,55,143468.41,907,6.064
2025-03-01,Subprime,16,Current,107,170237.29,907,11.797
2025-03-01,Subprime,16,DPD_30,13,21033.79,907,1.433
2025-03-01,Subprime,16,DPD_60,11,18327.7,907,1.213
2025-03-01,Subprime,16,DPD_90_PLUS,5,8850.69,907,0.551
2025-03-01,Subprime,16,Paid_Off,35,0.0,907,3.859
2025-03-01,Subprime,17,Charged_Off,56,145188.49,907,6.174
2025-03-01,Subprime,17,Current,102,154560.03,907,11.246
2025-03-01,Subprime,17,DPD_30,17,28211.39,907,1.874
2025-03-01,Subprime,17,DPD_60,7,7712.54,907,0.772
2025-03-01,Subprime,17,DPD_90_PLUS,8,14051.07,907,0.882
2025-03-01,Subprime,17,Paid_Off,36,0.0,907,3.969
2025-04-01,Near_Prime,1,Current,294,1708062.0,768,38.281
2025-04-01,Near_Prime,2,Current,278,1535696.31,768,36.198
2025-04-01,Near_Prime,2,DPD_30,15,93098.33,768,1.953
2025-04-01,Near_Prime,2,Paid_Off,1,0.0,768,0.13
2025-04-01,Near_Prime,3,Current,273,1429992.15,768,35.547
2025-04-01,Near_Prime,3,DPD_30,17,111085.41,768,2.214
2025-04-01,Near_Prime,3,DPD_60,2,10939.31,768,0.26
2025-04-01,Near_Prime,3,Paid_Off,2,0.0,768,0.26
2025-04-01,Near_Prime,4,Current,266,1346523.2,768,34.635
2025-04-01,Near_Prime,4,DPD_30,12,49484.06,768,1.563
2025-04-01,Near_Prime,4,DPD_60,4,27370.07,768,0.521
2025-04-01,Near_Prime,4,DPD_90_PLUS,2,10551.199999999999,768,0.26
2025-04-01,Near_Prime,4,Paid_Off,10,0.0,768,1.302
2025-04-01,Near_Prime,5,Charged_Off,2,10551.199999999999,768,0.26
2025-04-01,Near_Prime,5,Current,253,1189617.96,768,32.943
2025-04-01,Near_Prime,5,DPD_30,13,76299.29000000001,768,1.693
2025-04-01,Near_Prime,5,DPD_60,8,33643.04,768,1.042
2025-04-01,Near_Prime,5,DPD_90_PLUS,3,19449.03,768,0.391
2025-04-01,Near_Prime,5,Paid_Off,15,0.0,768,1.953
2025-04-01,Near_Prime,6,Charged_Off,5,30000.23,768,0.651
2025-04-01,Near_Prime,6,Current,249,1119159.18,768,32.422
2025-04-01,Near_Prime,6,DPD_30,13,67939.19,768,1.693
2025-04-01,Near_Prime,6,DPD_60,6,25279.84,768,0.781
2025-04-01,Near_Prime,6,DPD_90_PLUS,3,10538.14,768,0.391
2025-04-01,Near_Prime,6,Paid_Off,18,0.0,768,2.344
2025-04-01,Near_Prime,7,Charged_Off,7,36637.07,768,0.911
2025-04-01,Near_Prime,7,Current,231,998252.74,768,30.078
2025-04-01,Near_Prime,7,DPD_30,19,95078.12,768,2.474
2025-04-01,Near_Prime,7,DPD_60,8,24438.33,768,1.042
2025-04-01,Near_Prime,7,DPD_90_PLUS,5,22244.440000000002,768,0.651
2025-04-01,Near_Prime,7,Paid_Off,24,0.0,768,3.125
2025-04-01,Near_Prime,8,Charged_Off,10,48644.32,768,1.302
2025-04-01,Near_Prime,8,Current,227,925679.61,768,29.557
2025-04-01,Near_Prime,8,DPD_30,15,69719.29,768,1.953
2025-04-01,Near_Prime,8,DPD_60,6,31027.16,768,0.781
2025-04-01,Near_Prime,8,DPD_90_PLUS,7,25365.73,768,0.911
2025-04-01,Near_Prime,8,Paid_Off,29,0.0,768,3.776
2025-04-01,Near_Prime,9,Charged_Off,15,66177.48,768,1.953
2025-04-01,Near_Prime,9,Current,220,856985.31,768,28.646
2025-04-01,Near_Prime,9,DPD_30,12,59134.42,768,1.563
2025-04-01,Near_Prime,9,DPD_60,9,31773.29,768,1.172
2025-04-01,Near_Prime,9,DPD_90_PLUS,5,27086.39,768,0.651
2025-04-01,Near_Prime,9,Paid_Off,33,0.0,768,4.297
2025-04-01,Near_Prime,10,Charged_Off,17,72315.65,768,2.214
2025-04-01,Near_Prime,10,Current,211,788223.13,768,27.474
2025-04-01,Near_Prime,10,DPD_30,12,37056.21,768,1.563
2025-04-01,Near_Prime,10,DPD_60,7,37105.09,768,0.911
2025-04-01,Near_Prime,10,DPD_90_PLUS,9,41298.3,768,1.172
2025-04-01,Near_Prime,10,Paid_Off,38,0.0,768,4.948
2025-04-01,Near_Prime,11,Charged_Off,25,111270.22,768,3.255
2025-04-01,Near_Prime,11,Current,207,740062.58,768,26.953
2025-04-01,Near_Prime,11,DPD_30,11,37472.24,768,1.432
2025-04-01,Near_Prime,11,DPD_60,4,14338.880000000001,768,0.521
2025-04-01,Near_Prime,11,DPD_90_PLUS,6,25926.26,768,0.781
2025-04-01,Near_Prime,11,Paid_Off,41,0.0,768,5.339
2025-04-01,Near_Prime,12,Charged_Off,30,135719.84,768,3.906
2025-04-01,Near_Prime,12,Current,202,684994.19,768,26.302
2025-04-01,Near_Prime,12,DPD_30,12,43472.0,768,1.563
2025-04-01,Near_Prime,12,DPD_60,2,7639.37,768,0.26
2025-04-01,Near_Prime,12,DPD_90_PLUS,5,14957.140000000001,768,0.651
2025-04-01,Near_Prime,12,Paid_Off,43,0.0,768,5.599
2025-04-01,Near_Prime,13,Charged_Off,33,140438.29,768,4.297
2025-04-01,Near_Prime,13,Current,199,657960.77,768,25.911
2025-04-01,Near_Prime,13,DPD_30,8,14594.98,768,1.042
2025-04-01,Near_Prime,13,DPD_60,5,19928.08,768,0.651
2025-04-01,Near_Prime,13,DPD_90_PLUS,3,13823.27,768,0.391
2025-04-01,Near_Prime,13,Paid_Off,46,0.0,768,5.99
2025-04-01,Near_Prime,14,Charged_Off,36,154261.56,768,4.688
2025-04-01,Near_Prime,14,Current,193,603119.47,768,25.13
2025-04-01,Near_Prime,14,DPD_30,8,24615.55,768,1.042
2025-04-01,Near_Prime,14,DPD_60,4,8358.47,768,0.521
2025-04-01,Near_Prime,14,DPD_90_PLUS,4,15738.47,768,0.521
2025-04-01,Near_Prime,14,Paid_Off,49,0.0,768,6.38
2025-04-01,Near_Prime,15,Charged_Off,37,157770.74,768,4.818
2025-04-01,Near_Prime,15,Current,188,564904.42,768,24.479
2025-04-01,Near_Prime,15,DPD_30,9,26657.3,768,1.172
2025-04-01,Near_Prime,15,DPD_60,2,2369.31,768,0.26
2025-04-01,Near_Prime,15,DPD_90_PLUS,5,15859.33,768,0.651
2025-04-01,Near_Prime,15,Paid_Off,53,0.0,768,6.901
2025-04-01,Near_Prime,16,Charged_Off,40,167812.83,768,5.208
2025-04-01,Near_Prime,16,Current,184,532376.26,768,23.958
2025-04-01,Near_Prime,16,DPD_30,7,11707.01,768,0.911
2025-04-01,Near_Prime,16,DPD_60,5,15750.16,768,0.651
2025-04-01,Near_Prime,16,DPD_90_PLUS,3,5748.570000000001,768,0.391
2025-04-01,Near_Prime,16,Paid_Off,55,0.0,768,7.161
2025-04-01,Prime,1,Current,288,2359711.52,768,37.5
2025-04-01,Prime,2,Current,278,2155928.64,768,36.198
2025-04-01,Prime,2,DPD_30,6,69959.66,768,0.781
2025-04-01,Prime,2,Paid_Off,4,0.0,768,0.521
2025-04-01,Prime,3,Current,267,1993325.11,768,34.766
2025-04-01,Prime,3,DPD_30,10,59812.03,768,1.302
2025-04-01,Prime,3,DPD_60,3,36284.37,768,0.391
2025-04-01,Prime,3,Paid_Off,8,0.0,768,1.042
2025-04-01,Prime,4,Current,262,1865743.38,768,34.115
2025-04-01,Prime,4,DPD_30,9,77225.84,768,1.172
2025-04-01,Prime,4,DPD_60,3,8103.530000000001,768,0.391
2025-04-01,Prime,4,DPD_90_PLUS,2,17041.42,768,0.26
2025-04-01,Prime,4,Paid_Off,12,0.0,768,1.563
2025-04-01,Prime,5,Charged_Off,1,9231.84,768,0.13
2025-04-01,Prime,5,Current,258,1771331.19,768,33.594
2025-04-01,Prime,5,DPD_30,9,51420.090000000004,768,1.172
2025-04-01,Prime,5,DPD_60,2,3912.53,768,0.26
2025-04-01,Prime,5,DPD_90_PLUS,1,7504.13,768,0.13
2025-04-01,Prime,5,Paid_Off,17,0.0,768,2.214
2025-04-01,Prime,6,Charged_Off,2,16735.97,768,0.26
2025-04-01,Prime,6,Current,256,1671233.64,768,33.333
2025-04-01,Prime,6,DPD_30,5,31137.18,768,0.651
2025-04-01,Prime,6,DPD_60,4,23382.550000000003,768,0.521
2025-04-01,Prime,6,DPD_90_PLUS,2,3747.71,768,0.26
2025-04-01,Prime,6,Paid_Off,19,0.0,768,2.474
2025-04-01,Prime,7,Charged_Off,4,20483.68,768,0.521
2025-04-01,Prime,7,Current,247,1553944.95,768,32.161
2025-04-01,Prime,7,DPD_30,6,31153.34,768,0.781
2025-04-01,Prime,7,DPD_60,2,6754.34,768,0.26
2025-04-01,Prime,7,DPD_90_PLUS,4,22603.37,768,0.521
2025-04-01,Prime,7,Paid_Off,25,0.0,768,3.255
2025-04-01,Prime,8,Charged_Off,7,38235.15,768,0.911
2025-04-01,Prime,8,Current,240,1453965.69,768,31.25
2025-04-01,Prime,8,DPD_30,10,43531.87,768,1.302
2025-04-01,Prime,8,DPD_60,3,16611.93,768,0.391
2025-04-01,Prime,8,DPD_90_PLUS,3,11111.17,768,0.391
2025-04-01,Prime,8,Paid_Off,25,0.0,768,3.255
2025-04-01,Prime,9,Charged_Off,9,43773.84,768,1.172
2025-04-01,Prime,9,Current,235,1364278.64,768,30.599
2025-04-01,Prime,9,DPD_30,8,31588.97,768,1.042
2025-04-01,Prime,9,DPD_60,3,14209.08,768,0.391
2025-04-01,Prime,9,DPD_90_PLUS,3,15945.34,768,0.391
2025-04-01,Prime,9,Paid_Off,30,0.0,768,3.906
2025-04-01,Prime,10,Charged_Off,12,59719.18,768,1.563
2025-04-01,Prime,10,Current,227,1247293.55,768,29.557
2025-04-01,Prime,10,DPD_30,9,53289.22,768,1.172
2025-04-01,Prime,10,DPD_60,6,24212.97,768,0.781
2025-04-01,Prime,10,DPD_90_PLUS,2,8461.08,768,0.26
2025-04-01,Prime,10,Paid_Off,32,0.0,768,4.167
2025-04-01,Prime,11,Charged_Off,13,64484.72,768,1.693
2025-04-01,Prime,11,Current,225,1179862.19,768,29.297
2025-04-01,Prime,11,DPD_30,9,40458.74,768,1.172
2025-04-01,Prime,11,DPD_60,3,16128.26,768,0.391
2025-04-01,Prime,11,DPD_90_PLUS,3,9678.27,768,0.391
2025-04-01,Prime,11,Paid_Off,35,0.0,768,4.557
2025-04-01,Prime,12,Charged_Off,16,74162.99,768,2.083
2025-04-01,Prime,12,Current,216,1075513.61,768,28.125
2025-04-01,Prime,12,DPD_30,10,51190.92,768,1.302
2025-04-01,Prime,12,DPD_60,2,15436.07,768,0.26
2025-04-01,Prime,12,DPD_90_PLUS,3,15416.369999999999,768,0.391
2025-04-01,Prime,12,Paid_Off,41,0.0,768,5.339
2025-04-01,Prime,13,Charged_Off,18,86248.49,768,2.344
2025-04-01,Prime,13,Current,212,1016712.99,768,27.604
2025-04-01,Prime,13,DPD_30,7,37617.99,768,0.911
2025-04-01,Prime,13,DPD_60,3,11311.8,768,0.391
2025-04-01,Prime,13,DPD_90_PLUS,2,14608.6,768,0.26
2025-04-01,Prime,13,Paid_Off,46,0.0,768,5.99
2025-04-01,Prime,14,Charged_Off,20,100857.09,768,2.604
2025-04-01,Prime,14,Current,209,964692.29,768,27.214
2025-04-01,Prime,14,DPD_30,6,26132.59,768,0.781
2025-04-01,Prime,14,DPD_60,1,3520.32,768,0.13
2025-04-01,Prime,14,DPD_90_PLUS,2,7739.93,768,0.26
2025-04-01,Prime,14,Paid_Off,50,0.0,768,6.51
2025-04-01,Prime,15,Charged_Off,22,108597.02,768,2.865
2025-04-01,Prime,15,Current,205,899714.49,768,26.693
2025-04-01,Prime,15,DPD_30,4,22291.95,768,0.521
2025-04-01,Prime,15,DPD_60,1,3987.19,768,0.13
2025-04-01,Prime,15,DPD_90_PLUS,1,3378.69,768,0.13
2025-04-01,Prime,15,Paid_Off,55,0.0,768,7.161
2025-04-01,Prime,16,Charged_Off,23,111975.71,768,2.995
2025-04-01,Prime,16,Current,200,840066.85,768,26.042
2025-04-01,Prime,16,DPD_30,8,35867.979999999996,768,1.042
2025-04-01,Prime,16,DPD_90_PLUS,1,3752.19,768,0.13
2025-04-01,Prime,16,Paid_Off,56,0.0,768,7.292
2025-04-01,Subprime,1,Current,186,632192.36,768,24.219
2025-04-01,Subprime,2,Current,169,545376.69,768,22.005
2025-04-01,Subprime,2,DPD_30,16,55491.44,768,2.083
2025-04-01,Subprime,2,Paid_Off,1,0.0,768,0.13
2025-04-01,Subprime,3,Current,158,502205.96,768,20.573
2025-04-01,Subprime,3,DPD_30,21,55843.700000000004,768,2.734
2025-04-01,Subprime,3,DPD_60,3,9661.62,768,0.391
2025-04-01,Subprime,3,Paid_Off,4,0.0,768,0.521
2025-04-01,Subprime,4,Current,150,451449.1,768,19.531
2025-04-01,Subprime,4,DPD_30,20,54862.46,768,2.604
2025-04-01,Subprime,4,DPD_60,8,23237.6,768,1.042
2025-04-01,Subprime,4,DPD_90_PLUS,1,2721.14,768,0.13
2025-04-01,Subprime,4,Paid_Off,7,0.0,768,0.911
2025-04-01,Subprime,5,Charged_Off,1,2721.14,768,0.13
2025-04-01,Subprime,5,Current,146,408478.62,768,19.01
2025-04-01,Subprime,5,DPD_30,19,56919.98,768,2.474
2025-04-01,Subprime,5,DPD_60,3,8146.82,768,0.391
2025-04-01,Subprime,5,DPD_90_PLUS,7,20265.85,768,0.911
2025-04-01,Subprime,5,Paid_Off,10,0.0,768,1.302
2025-04-01,Subprime,6,Charged_Off,5,15034.49,768,0.651
2025-04-01,Subprime,6,Current,134,356033.57,768,17.448
2025-04-01,Subprime,6,DPD_30,19,50257.090000000004,768,2.474
2025-04-01,Subprime,6,DPD_60,10,34946.27,768,1.302
2025-04-01,Subprime,6,DPD_90_PLUS,3,6823.59,768,0.391
2025-04-01,Subprime,6,Paid_Off,15,0.0,768,1.953
2025-04-01,Subprime,7,Charged_Off,6,16757.14,768,0.781
2025-04-01,Subprime,7,Current,132,338995.51,768,17.188
2025-04-01,Subprime,7,DPD_30,12,21264.9,768,1.563
2025-04-01,Subprime,7,DPD_60,9,23850.49,768,1.172
2025-04-01,Subprime,7,DPD_90_PLUS,9,31579.12,768,1.172
2025-04-01,Subprime,7,Paid_Off,18,0.0,768,2.344
2025-04-01,Subprime,8,Charged_Off,13,42609.86,768,1.693
2025-04-01,Subprime,8,Current,123,291526.9,768,16.016
2025-04-01,Subprime,8,DPD_30,14,39117.56,768,1.823
2025-04-01,Subprime,8,DPD_60,8,18329.63,768,1.042
2025-04-01,Subprime,8,DPD_90_PLUS,8,18888.85,768,1.042
2025-04-01,Subprime,8,Paid_Off,20,0.0,768,2.604
2025-04-01,Subprime,9,Charged_Off,18,52992.72,768,2.344
2025-04-01,Subprime,9,Current,113,259988.47,768,14.714
2025-04-01,Subprime,9,DPD_30,19,45576.72,768,2.474
2025-04-01,Subprime,9,DPD_60,7,14284.6,768,0.911
2025-04-01,Subprime,9,DPD_90_PLUS,7,18676.72,768,0.911
2025-04-01,Subprime,9,Paid_Off,22,0.0,768,2.865
2025-04-01,Subprime,10,Charged_Off,25,71669.44,768,3.255
2025-04-01,Subprime,10,Current,107,234203.04,768,13.932
2025-04-01,Subprime,10,DPD_30,14,30211.170000000002,768,1.823
2025-04-01,Subprime,10,DPD_60,12,30048.0,768,1.563
2025-04-01,Subprime,10,DPD_90_PLUS,5,9342.369999999999,768,0.651
2025-04-01,Subprime,10,Paid_Off,23,0.0,768,2.995
2025-04-01,Subprime,11,Charged_Off,27,74595.95,768,3.516
2025-04-01,Subprime,11,Current,106,217772.65,768,13.802
2025-04-01,Subprime,11,DPD_30,13,32501.97,768,1.693
2025-04-01,Subprime,11,DPD_60,6,14469.12,768,0.781
2025-04-01,Subprime,11,DPD_90_PLUS,10,21462.22,768,1.302
2025-04-01,Subprime,11,Paid_Off,24,0.0,768,3.125
2025-04-01,Subprime,12,Charged_Off,31,84083.08,768,4.036
2025-04-01,Subprime,12,Current,99,194679.96,768,12.891
2025-04-01,Subprime,12,DPD_30,14,31571.29,768,1.823
2025-04-01,Subprime,12,DPD_60,12,26311.82,768,1.563
2025-04-01,Subprime,12,DPD_90_PLUS,6,11547.9,768,0.781
2025-04-01,Subprime,12,Paid_Off,24,0.0,768,3.125
2025-04-01,Subprime,13,Charged_Off,36,91821.3,768,4.688
2025-04-01,Subprime,13,Current,94,178910.61,768,12.24
2025-04-01,Subprime,13,DPD_30,13,20704.489999999998,768,1.693
2025-04-01,Subprime,13,DPD_60,9,23169.02,768,1.172
2025-04-01,Subprime,13,DPD_90_PLUS,8,19443.96,768,1.042
2025-04-01,Subprime,13,Paid_Off,26,0.0,768,3.385
2025-04-01,Subprime,14,Charged_Off,44,111265.26,768,5.729
2025-04-01,Subprime,14,Current,93,164213.43,768,12.109
2025-04-01,Subprime,14,DPD_30,8,13617.22,768,1.042
2025-04-01,Subprime,14,DPD_60,6,15954.300000000001,768,0.781
2025-04-01,Subprime,14,DPD_90_PLUS,8,17061.27,768,1.042
2025-04-01,Subprime,14,Paid_Off,27,0.0,768,3.516
2025-04-01,Subprime,15,Charged_Off,49,121192.56999999999,768,6.38
2025-04-01,Subprime,15,Current,88,151677.32,768,11.458
2025-04-01,Subprime,15,DPD_30,9,12974.69,768,1.172
2025-04-01,Subprime,15,DPD_60,7,12624.0,768,0.911
2025-04-01,Subprime,15,DPD_90_PLUS,6,14714.98,768,0.781
2025-04-01,Subprime,15,Paid_Off,27,0.0,768,3.516
2025-04-01,Subprime,16,Charged_Off,52,129687.92,768,6.771
2025-04-01,Subprime,16,Current,80,131069.62,768,10.417
2025-04-01,Subprime,16,DPD_30,11,18697.81,768,1.432
2025-04-01,Subprime,16,DPD_60,5,8525.789999999999,768,0.651
2025-04-01,Subprime,16,DPD_90_PLUS,8,13599.41,768,1.042
2025-04-01,Subprime,16,Paid_Off,30,0.0,768,3.906
2025-05-01,Near_Prime,1,Current,402,2170603.08,1109,36.249
2025-05-01,Near_Prime,2,Current,383,1966751.37,1109,34.536
2025-05-01,Near_Prime,2,DPD_30,9,56762.81,1109,0.812
2025-05-01,Near_Prime,2,Paid_Off,10,0.0,1109,0.902
2025-05-01,Near_Prime,3,Current,368,1806336.5,1109,33.183
2025-05-01,Near_Prime,3,DPD_30,16,87213.67,1109,1.443
2025-05-01,Near_Prime,3,DPD_60,2,11041.18,1109,0.18
2025-05-01,Near_Prime,3,Paid_Off,16,0.0,1109,1.443
2025-05-01,Near_Prime,4,Current,354,1671670.33,1109,31.921
2025-05-01,Near_Prime,4,DPD_30,22,103797.41,1109,1.984
2025-05-01,Near_Prime,4,DPD_60,3,7967.719999999999,1109,0.271
2025-05-01,Near_Prime,4,DPD_90_PLUS,2,10563.779999999999,1109,0.18
2025-05-01,Near_Prime,4,Paid_Off,21,0.0,1109,1.894
2025-05-01,Near_Prime,5,Current,351,1588127.32,1109,31.65
2025-05-01,Near_Prime,5,DPD_30,18,85287.21,1109,1.623
2025-05-01,Near_Prime,5,DPD_60,7,16857.42,1109,0.631
2025-05-01,Near_Prime,5,DPD_90_PLUS,3,13040.16,1109,0.271
2025-05-01,Near_Prime,5,Paid_Off,23,0.0,1109,2.074
2025-05-01,Near_Prime,6,Current,340,1476531.41,1109,30.658
2025-05-01,Near_Prime,6,DPD_30,19,73709.93,1109,1.713
2025-05-01,Near_Prime,6,DPD_60,6,22111.82,1109,0.541
2025-05-01,Near_Prime,6,DPD_90_PLUS,8,26005.77,1109,0.721
2025-05-01,Near_Prime,6,Paid_Off,29,0.0,1109,2.615
2025-05-01,Near_Prime,7,Charged_Off,2,8667.0,1109,0.18
2025-05-01,Near_Prime,7,Current,321,1343746.39,1109,28.945
2025-05-01,Near_Prime,7,DPD_30,26,106186.67,1109,2.344
2025-05-01,Near_Prime,7,DPD_60,6,18255.71,1109,0.541
2025-05-01,Near_Prime,7,DPD_90_PLUS,12,37559.590000000004,1109,1.082
2025-05-01,Near_Prime,7,Paid_Off,35,0.0,1109,3.156
2025-05-01,Near_Prime,8,Charged_Off,7,29837.86,1109,0.631
2025-05-01,Near_Prime,8,Current,313,1260715.71,1109,28.224
2025-05-01,Near_Prime,8,DPD_30,20,69468.1,1109,1.803
2025-05-01,Near_Prime,8,DPD_60,13,40337.3,1109,1.172
2025-05-01,Near_Prime,8,DPD_90_PLUS,9,24810.18,1109,0.812
2025-05-01,Near_Prime,8,Paid_Off,40,0.0,1109,3.607
2025-05-01,Near_Prime,9,Charged_Off,11,42848.15,1109,0.992
2025-05-01,Near_Prime,9,Current,304,1167240.43,1109,27.412
2025-05-01,Near_Prime,9,DPD_30,18,59457.64,1109,1.623
2025-05-01,Near_Prime,9,DPD_60,12,46410.59,1109,1.082
2025-05-01,Near_Prime,9,DPD_90_PLUS,12,32836.68,1109,1.082
2025-05-01,Near_Prime,9,Paid_Off,45,0.0,1109,4.058
2025-05-01,Near_Prime,10,Charged_Off,17,56528.03,1109,1.533
2025-05-01,Near_Prime,10,Current,303,1103307.14,1109,27.322
2025-05-01,Near_Prime,10,DPD_30,15,55417.19,1109,1.353
2025-05-01,Near_Prime,10,DPD_60,10,37494.05,1109,0.902
2025-05-01,Near_Prime,10,DPD_90_PLUS,10,28090.93,1109,0.902
2025-05-01,Near_Prime,10,Paid_Off,47,0.0,1109,4.238
2025-05-01,Near_Prime,11,Charged_Off,23,69869.1,1109,2.074
2025-05-01,Near_Prime,11,Current,296,1021979.28,1109,26.691
2025-05-01,Near_Prime,11,DPD_30,12,43015.38,1109,1.082
2025-05-01,Near_Prime,11,DPD_60,8,31945.12,1109,0.721
2025-05-01,Near_Prime,11,DPD_90_PLUS,11,40787.69,1109,0.992
2025-05-01,Near_Prime,11,Paid_Off,52,0.0,1109,4.689
2025-05-01,Near_Prime,12,Charged_Off,27,79524.11,1109,2.435
2025-05-01,Near_Prime,12,Current,289,961173.69,1109,26.06
2025-05-01,Near_Prime,12,DPD_30,14,37623.69,1109,1.262
2025-05-01,Near_Prime,12,DPD_60,5,16442.47,1109,0.451
2025-05-01,Near_Prime,12,DPD_90_PLUS,12,51203.89,1109,1.082
2025-05-01,Near_Prime,12,Paid_Off,55,0.0,1109,4.959
2025-05-01,Near_Prime,13,Charged_Off,33,108431.97,1109,2.976
2025-05-01,Near_Prime,13,Current,278,863723.24,1109,25.068
2025-05-01,Near_Prime,13,DPD_30,14,48725.29,1109,1.262
2025-05-01,Near_Prime,13,DPD_60,8,26527.31,1109,0.721
2025-05-01,Near_Prime,13,DPD_90_PLUS,10,33422.76,1109,0.902
2025-05-01,Near_Prime,13,Paid_Off,59,0.0,1109,5.32
2025-05-01,Near_Prime,14,Charged_Off,41,135762.39,1109,3.697
2025-05-01,Near_Prime,14,Current,268,791791.75,1109,24.166
2025-05-01,Near_Prime,14,DPD_30,13,48566.95,1109,1.172
2025-05-01,Near_Prime,14,DPD_60,3,7296.1,1109,0.271
2025-05-01,Near_Prime,14,DPD_90_PLUS,10,31026.25,1109,0.902
2025-05-01,Near_Prime,14,Paid_Off,67,0.0,1109,6.041
2025-05-01,Near_Prime,15,Charged_Off,46,149192.79,1109,4.148
2025-05-01,Near_Prime,15,Current,261,738968.41,1109,23.535
2025-05-01,Near_Prime,15,DPD_30,12,33771.76,1109,1.082
2025-05-01,Near_Prime,15,DPD_60,9,30924.93,1109,0.812
2025-05-01,Near_Prime,15,DPD_90_PLUS,5,16895.49,1109,0.451
2025-05-01,Near_Prime,15,Paid_Off,69,0.0,1109,6.222
2025-05-01,Prime,1,Current,451,3672570.84,1109,40.667
2025-05-01,Prime,2,Current,440,3418312.6,1109,39.675
2025-05-01,Prime,2,DPD_30,5,43276.9,1109,0.451
2025-05-01,Prime,2,Paid_Off,6,0.0,1109,0.541
2025-05-01,Prime,3,Current,426,3168344.53,1109,38.413
2025-05-01,Prime,3,DPD_30,11,94715.97,1109,0.992
2025-05-01,Prime,3,DPD_60,1,5119.63,1109,0.09
2025-05-01,Prime,3,Paid_Off,13,0.0,1109,1.172
2025-05-01,Prime,4,Current,420,2989657.81,1109,37.872
2025-05-01,Prime,4,DPD_30,10,78840.56999999999,1109,0.902
2025-05-01,Prime,4,DPD_60,2,16262.699999999999,1109,0.18
2025-05-01,Prime,4,DPD_90_PLUS,1,4842.87,1109,0.09
2025-05-01,Prime,4,Paid_Off,18,0.0,1109,1.623
2025-05-01,Prime,5,Current,408,2800451.53,1109,36.79
2025-05-01,Prime,5,DPD_30,10,68299.45,1109,0.902
2025-05-01,Prime,5,DPD_60,4,17764.27,1109,0.361
2025-05-01,Prime,5,DPD_90_PLUS,2,15512.039999999999,1109,0.18
2025-05-01,Prime,5,Paid_Off,27,0.0,1109,2.435
2025-05-01,Prime,6,Charged_Off,1,12806.81,1109,0.09
2025-05-01,Prime,6,Current,397,2598007.3,1109,35.798
2025-05-01,Prime,6,DPD_30,11,59246.82,1109,0.992
2025-05-01,Prime,6,DPD_60,4,35104.16,1109,0.361
2025-05-01,Prime,6,DPD_90_PLUS,3,13908.4,1109,0.271
2025-05-01,Prime,6,Paid_Off,35,0.0,1109,3.156
2025-05-01,Prime,7,Charged_Off,2,17237.77,1109,0.18
2025-05-01,Prime,7,Current,386,2396205.82,1109,34.806
2025-05-01,Prime,7,DPD_30,12,67913.37,1109,1.082
2025-05-01,Prime,7,DPD_60,4,11430.15,1109,0.361
2025-05-01,Prime,7,DPD_90_PLUS,3,33287.17,1109,0.271
2025-05-01,Prime,7,Paid_Off,44,0.0,1109,3.968
2025-05-01,Prime,8,Charged_Off,4,32926.39,1109,0.361
2025-05-01,Prime,8,Current,380,2228133.78,1109,34.265
2025-05-01,Prime,8,DPD_30,9,73602.31999999999,1109,0.812
2025-05-01,Prime,8,DPD_60,6,33561.98,1109,0.541
2025-05-01,Prime,8,DPD_90_PLUS,3,24669.309999999998,1109,0.271
2025-05-01,Prime,8,Paid_Off,49,0.0,1109,4.418
2025-05-01,Prime,9,Charged_Off,4,32926.39,1109,0.361
2025-05-01,Prime,9,Current,374,2116016.9,1109,33.724
2025-05-01,Prime,9,DPD_30,9,43717.39,1109,0.812
2025-05-01,Prime,9,DPD_60,2,10823.32,1109,0.18
2025-05-01,Prime,9,DPD_90_PLUS,8,53074.03,1109,0.721
2025-05-01,Prime,9,Paid_Off,54,0.0,1109,4.869
2025-05-01,Prime,10,Charged_Off,8,45390.659999999996,1109,0.721
2025-05-01,Prime,10,Current,365,1958584.91,1109,32.913
2025-05-01,Prime,10,DPD_30,10,57282.19,1109,0.902
2025-05-01,Prime,10,DPD_60,6,40507.06,1109,0.541
2025-05-01,Prime,10,DPD_90_PLUS,4,28161.18,1109,0.361
2025-05-01,Prime,10,Paid_Off,58,0.0,1109,5.23
2025-05-01,Prime,11,Charged_Off,11,68493.66,1109,0.992
2025-05-01,Prime,11,Current,356,1844935.15,1109,32.101
2025-05-01,Prime,11,DPD_30,11,56126.090000000004,1109,0.992
2025-05-01,Prime,11,DPD_60,5,36864.73,1109,0.451
2025-05-01,Prime,11,DPD_90_PLUS,2,6779.929999999999,1109,0.18
2025-05-01,Prime,11,Paid_Off,66,0.0,1109,5.951
2025-05-01,Prime,12,Charged_Off,12,70453.98,1109,1.082
2025-05-01,Prime,12,Current,348,1714469.22,1109,31.38
2025-05-01,Prime,12,DPD_30,8,32125.61,1109,0.721
2025-05-01,Prime,12,DPD_60,6,33441.82,1109,0.541
2025-05-01,Prime,12,DPD_90_PLUS,4,32400.26,1109,0.361
2025-05-01,Prime,12,Paid_Off,73,0.0,1109,6.583
2025-05-01,Prime,13,Charged_Off,14,83726.27,1109,1.262
2025-05-01,Prime,13,Current,339,1593824.18,1109,30.568
2025-05-01,Prime,13,DPD_30,10,52331.83,1109,0.902
2025-05-01,Prime,13,DPD_60,2,6045.299999999999,1109,0.18
2025-05-01,Prime,13,DPD_90_PLUS,7,43542.32,1109,0.631
2025-05-01,Prime,13,Paid_Off,79,0.0,1109,7.124
2025-05-01,Prime,14,Charged_Off,18,114822.64,1109,1.623
2025-05-01,Prime,14,Current,335,1501095.47,1109,30.207
2025-05-01,Prime,14,DPD_30,7,41822.57,1109,0.631
2025-05-01,Prime,14,DPD_60,5,28232.68,1109,0.451
2025-05-01,Prime,14,DPD_90_PLUS,4,11161.18,1109,0.361
2025-05-01,Prime,14,Paid_Off,82,0.0,1109,7.394
2025-05-01,Prime,15,Charged_Off,20,119661.44,1109,1.803
2025-05-01,Prime,15,Current,331,1410897.09,1109,29.847
2025-05-01,Prime,15,DPD_30,9,56549.12,1109,0.812
2025-05-01,Prime,15,DPD_60,1,5591.02,1109,0.09
2025-05-01,Prime,15,DPD_90_PLUS,6,27280.75,1109,0.541
2025-05-01,Prime,15,Paid_Off,84,0.0,1109,7.574
2025-05-01,Subprime,1,Current,256,852142.47,1109,23.084
2025-05-01,Subprime,2,Current,243,768139.75,1109,21.912
2025-05-01,Subprime,2,DPD_30,12,45058.8,1109,1.082
2025-05-01,Subprime,2,Paid_Off,1,0.0,1109,0.09
2025-05-01,Subprime,3,Current,218,668826.79,1109,19.657
2025-05-01,Subprime,3,DPD_30,29,86588.3,1109,2.615
2025-05-01,Subprime,3,DPD_60,3,7945.73,1109,0.271
2025-05-01,Subprime,3,Paid_Off,6,0.0,1109,0.541
2025-05-01,Subprime,4,Current,212,617461.33,1109,19.116
2025-05-01,Subprime,4,DPD_30,22,71474.41,1109,1.984
2025-05-01,Subprime,4,DPD_60,10,26060.41,1109,0.902
2025-05-01,Subprime,4,DPD_90_PLUS,2,4717.89,1109,0.18
2025-05-01,Subprime,4,Paid_Off,10,0.0,1109,0.902
2025-05-01,Subprime,5,Charged_Off,2,4717.89,1109,0.18
2025-05-01,Subprime,5,Current,198,553322.77,1109,17.854
2025-05-01,Subprime,5,DPD_30,29,82327.78,1109,2.615
2025-05-01,Subprime,5,DPD_60,8,24670.079999999998,1109,0.721
2025-05-01,Subprime,5,DPD_90_PLUS,7,16416.21,1109,0.631
2025-05-01,Subprime,5,Paid_Off,12,0.0,1109,1.082
2025-05-01,Subprime,6,Charged_Off,7,17114.08,1109,0.631
2025-05-01,Subprime,6,Current,194,514275.73,1109,17.493
2025-05-01,Subprime,6,DPD_30,23,72357.87,1109,2.074
2025-05-01,Subprime,6,DPD_60,11,30809.84,1109,0.992
2025-05-01,Subprime,6,DPD_90_PLUS,7,11747.68,1109,0.631
2025-05-01,Subprime,6,Paid_Off,14,0.0,1109,1.262
2025-05-01,Subprime,7,Charged_Off,10,20835.850000000002,1109,0.902
2025-05-01,Subprime,7,Current,187,477144.74,1109,16.862
2025-05-01,Subprime,7,DPD_30,19,46981.62,1109,1.713
2025-05-01,Subprime,7,DPD_60,12,37509.78,1109,1.082
2025-05-01,Subprime,7,DPD_90_PLUS,11,29035.809999999998,1109,0.992
2025-05-01,Subprime,7,Paid_Off,17,0.0,1109,1.533
2025-05-01,Subprime,8,Charged_Off,15,35654.01,1109,1.353
2025-05-01,Subprime,8,Current,185,452049.63,1109,16.682
2025-05-01,Subprime,8,DPD_30,14,32964.49,1109,1.262
2025-05-01,Subprime,8,DPD_60,9,24680.84,1109,0.812
2025-05-01,Subprime,8,DPD_90_PLUS,13,34399.18,1109,1.172
2025-05-01,Subprime,8,Paid_Off,20,0.0,1109,1.803
2025-05-01,Subprime,9,Charged_Off,24,62345.299999999996,1109,2.164
2025-05-01,Subprime,9,Current,173,399852.12,1109,15.6
2025-05-01,Subprime,9,DPD_30,21,53116.409999999996,1109,1.894
2025-05-01,Subprime,9,DPD_60,6,14218.81,1109,0.541
2025-05-01,Subprime,9,DPD_90_PLUS,11,24652.25,1109,0.992
2025-05-01,Subprime,9,Paid_Off,21,0.0,1109,1.894
2025-05-01,Subprime,10,Charged_Off,30,72615.79,1109,2.705
2025-05-01,Subprime,10,Current,159,350345.52,1109,14.337
2025-05-01,Subprime,10,DPD_30,25,58941.44,1109,2.254
2025-05-01,Subprime,10,DPD_60,8,18520.96,1109,0.721
2025-05-01,Subprime,10,DPD_90_PLUS,10,24239.67,1109,0.902
2025-05-01,Subprime,10,Paid_Off,24,0.0,1109,2.164
2025-05-01,Subprime,11,Charged_Off,37,92573.66,1109,3.336
2025-05-01,Subprime,11,Current,155,321109.78,1109,13.977
2025-05-01,Subprime,11,DPD_30,17,42391.25,1109,1.533
2025-05-01,Subprime,11,DPD_60,10,21874.98,1109,0.902
2025-05-01,Subprime,11,DPD_90_PLUS,8,14882.9,1109,0.721
2025-05-01,Subprime,11,Paid_Off,29,0.0,1109,2.615
2025-05-01,Subprime,12,Charged_Off,44,105565.44,1109,3.968
2025-05-01,Subprime,12,Current,155,313428.09,1109,13.977
2025-05-01,Subprime,12,DPD_30,13,25841.06,1109,1.172
2025-05-01,Subprime,12,DPD_60,7,15599.2,1109,0.631
2025-05-01,Subprime,12,DPD_90_PLUS,6,9988.52,1109,0.541
2025-05-01,Subprime,12,Paid_Off,31,0.0,1109,2.795
2025-05-01,Subprime,13,Charged_Off,49,114664.58,1109,4.418
2025-05-01,Subprime,13,Current,148,282227.69,1109,13.345
2025-05-01,Subprime,13,DPD_30,19,41463.98,1109,1.713
2025-05-01,Subprime,13,DPD_60,3,5605.25,1109,0.271
2025-05-01,Subprime,13,DPD_90_PLUS,5,10118.720000000001,1109,0.451
2025-05-01,Subprime,13,Paid_Off,32,0.0,1109,2.885
2025-05-01,Subprime,14,Charged_Off,52,121681.45999999999,1109,4.689
2025-05-01,Subprime,14,Current,143,263503.23,1109,12.894
2025-05-01,Subprime,14,DPD_30,16,26151.0,1109,1.443
2025-05-01,Subprime,14,DPD_60,4,10521.289999999999,1109,0.361
2025-05-01,Subprime,14,DPD_90_PLUS,5,8375.79,1109,0.451
2025-05-01,Subprime,14,Paid_Off,36,0.0,1109,3.246
2025-05-01,Subprime,15,Charged_Off,57,130057.25,1109,5.14
2025-05-01,Subprime,15,Current,136,234744.86,1109,12.263
2025-05-01,Subprime,15,DPD_30,17,34420.3,1109,1.533
2025-05-01,Subprime,15,DPD_60,9,15102.78,1109,0.812
2025-05-01,Subprime,15,DPD_90_PLUS,1,2241.01,1109,0.09
2025-05-01,Subprime,15,Paid_Off,36,0.0,1109,3.246
2025-06-01,Near_Prime,1,Current,384,2205031.14,1161,33.075
2025-06-01,Near_Prime,2,Current,371,2047659.62,1161,31.955
2025-06-01,Near_Prime,2,DPD_30,10,36812.52,1161,0.861
2025-06-01,Near_Prime,2,Paid_Off,3,0.0,1161,0.258
2025-06-01,Near_Prime,3,Current,354,1823335.15,1161,30.491
2025-06-01,Near_Prime,3,DPD_30,12,84221.46,1161,1.034
2025-06-01,Near_Prime,3,DPD_60,4,13968.79,1161,0.345
2025-06-01,Near_Prime,3,Paid_Off,14,0.0,1161,1.206
2025-06-01,Near_Prime,4,Current,344,1702308.72,1161,29.63
2025-06-01,Near_Prime,4,DPD_30,16,101093.64,1161,1.378
2025-06-01,Near_Prime,4,DPD_60,2,5270.0599999999995,1161,0.172
2025-06-01,Near_Prime,4,DPD_90_PLUS,3,8409.58,1161,0.258
2025-06-01,Near_Prime,4,Paid_Off,19,0.0,1161,1.637
2025-06-01,Near_Prime,5,Charged_Off,3,8409.58,1161,0.258
2025-06-01,Near_Prime,5,Current,328,1556629.71,1161,28.252
2025-06-01,Near_Prime,5,DPD_30,23,114435.11,1161,1.981
2025-06-01,Near_Prime,5,DPD_60,7,36367.44,1161,0.603
2025-06-01,Near_Prime,5,DPD_90_PLUS,1,2212.39,1161,0.086
2025-06-01,Near_Prime,5,Paid_Off,22,0.0,1161,1.895
2025-06-01,Near_Prime,6,Charged_Off,4,10621.97,1161,0.345
2025-06-01,Near_Prime,6,Current,317,1443683.37,1161,27.304
2025-06-01,Near_Prime,6,DPD_30,19,92106.6,1161,1.637
2025-06-01,Near_Prime,6,DPD_60,12,55954.93,1161,1.034
2025-06-01,Near_Prime,6,DPD_90_PLUS,4,20805.16,1161,0.345
2025-06-01,Near_Prime,6,Paid_Off,28,0.0,1161,2.412
2025-06-01,Near_Prime,7,Charged_Off,7,18607.72,1161,0.603
2025-06-01,Near_Prime,7,Current,310,1330502.12,1161,26.701
2025-06-01,Near_Prime,7,DPD_30,17,75435.56999999999,1161,1.464
2025-06-01,Near_Prime,7,DPD_60,10,50530.979999999996,1161,0.861
2025-06-01,Near_Prime,7,DPD_90_PLUS,9,48200.93,1161,0.775
2025-06-01,Near_Prime,7,Paid_Off,31,0.0,1161,2.67
2025-06-01,Near_Prime,8,Charged_Off,12,39090.89,1161,1.034
2025-06-01,Near_Prime,8,Current,301,1219048.66,1161,25.926
2025-06-01,Near_Prime,8,DPD_30,19,87808.94,1161,1.637
2025-06-01,Near_Prime,8,DPD_60,8,46516.62,1161,0.689
2025-06-01,Near_Prime,8,DPD_90_PLUS,8,32115.13,1161,0.689
2025-06-01,Near_Prime,8,Paid_Off,36,0.0,1161,3.101
2025-06-01,Near_Prime,9,Charged_Off,20,71206.02,1161,1.723
2025-06-01,Near_Prime,9,Current,292,1129859.12,1161,25.151
2025-06-01,Near_Prime,9,DPD_30,17,72594.59,1161,1.464
2025-06-01,Near_Prime,9,DPD_60,11,49869.75,1161,0.947
2025-06-01,Near_Prime,9,DPD_90_PLUS,4,23491.84,1161,0.345
2025-06-01,Near_Prime,9,Paid_Off,40,0.0,1161,3.445
2025-06-01,Near_Prime,10,Charged_Off,23,93435.28,1161,1.981
2025-06-01,Near_Prime,10,Current,285,1043126.57,1161,24.548
2025-06-01,Near_Prime,10,DPD_30,11,53412.64,1161,0.947
2025-06-01,Near_Prime,10,DPD_60,7,24047.02,1161,0.603
2025-06-01,Near_Prime,10,DPD_90_PLUS,9,37156.59,1161,0.775
2025-06-01,Near_Prime,10,Paid_Off,49,0.0,1161,4.22
2025-06-01,Near_Prime,11,Charged_Off,29,119489.52,1161,2.498
2025-06-01,Near_Prime,11,Current,271,936368.08,1161,23.342
2025-06-01,Near_Prime,11,DPD_30,20,86311.86,1161,1.723
2025-06-01,Near_Prime,11,DPD_60,2,9414.87,1161,0.172
2025-06-01,Near_Prime,11,DPD_90_PLUS,9,30264.58,1161,0.775
2025-06-01,Near_Prime,11,Paid_Off,53,0.0,1161,4.565
2025-06-01,Near_Prime,12,Charged_Off,32,129728.77,1161,2.756
2025-06-01,Near_Prime,12,Current,258,846476.98,1161,22.222
2025-06-01,Near_Prime,12,DPD_30,20,72983.76,1161,1.723
2025-06-01,Near_Prime,12,DPD_60,9,41707.0,1161,0.775
2025-06-01,Near_Prime,12,DPD_90_PLUS,8,28105.16,1161,0.689
2025-06-01,Near_Prime,12,Paid_Off,57,0.0,1161,4.91
2025-06-01,Near_Prime,13,Charged_Off,38,149399.62,1161,3.273
2025-06-01,Near_Prime,13,Current,251,780190.99,1161,21.619
2025-06-01,Near_Prime,13,DPD_30,19,69769.34,1161,1.637
2025-06-01,Near_Prime,13,DPD_60,8,33554.16,1161,0.689
2025-06-01,Near_Prime,13,DPD_90_PLUS,9,36018.25,1161,0.775
2025-06-01,Near_Prime,13,Paid_Off,59,0.0,1161,5.082
2025-06-01,Near_Prime,14,Charged_Off,41,157789.34,1161,3.531
2025-06-01,Near_Prime,14,Current,243,731228.87,1161,20.93
2025-06-01,Near_Prime,14,DPD_30,17,48303.76,1161,1.464
2025-06-01,Near_Prime,14,DPD_60,8,22368.39,1161,0.689
2025-06-01,Near_Prime,14,DPD_90_PLUS,10,44948.46,1161,0.861
2025-06-01,Near_Prime,14,Paid_Off,65,0.0,1161,5.599
2025-06-01,Prime,1,Current,488,4201776.22,1161,42.033
2025-06-01,Prime,2,Current,468,3832543.33,1161,40.31
2025-06-01,Prime,2,DPD_30,9,85730.59,1161,0.775
2025-06-01,Prime,2,Paid_Off,11,0.0,1161,0.947
2025-06-01,Prime,3,Current,458,3559533.89,1161,39.449
2025-06-01,Prime,3,DPD_30,10,83952.48999999999,1161,0.861
2025-06-01,Prime,3,DPD_60,2,28412.82,1161,0.172
2025-06-01,Prime,3,Paid_Off,18,0.0,1161,1.55
2025-06-01,Prime,4,Current,448,3341882.07,1161,38.587
2025-06-01,Prime,4,DPD_30,14,94602.66,1161,1.206
2025-06-01,Prime,4,DPD_60,1,12952.36,1161,0.086
2025-06-01,Prime,4,DPD_90_PLUS,2,27361.05,1161,0.172
2025-06-01,Prime,4,Paid_Off,23,0.0,1161,1.981
2025-06-01,Prime,5,Charged_Off,1,17254.5,1161,0.086
2025-06-01,Prime,5,Current,437,3084860.88,1161,37.64
2025-06-01,Prime,5,DPD_30,16,137350.84,1161,1.378
2025-06-01,Prime,5,DPD_60,4,26915.92,1161,0.345
2025-06-01,Prime,5,DPD_90_PLUS,1,9728.3,1161,0.086
2025-06-01,Prime,5,Paid_Off,29,0.0,1161,2.498
2025-06-01,Prime,6,Charged_Off,2,26982.8,1161,0.172
2025-06-01,Prime,6,Current,431,2943078.96,1161,37.123
2025-06-01,Prime,6,DPD_30,14,62410.31,1161,1.206
2025-06-01,Prime,6,DPD_60,2,18380.08,1161,0.172
2025-06-01,Prime,6,DPD_90_PLUS,4,25969.96,1161,0.345
2025-06-01,Prime,6,Paid_Off,35,0.0,1161,3.015
2025-06-01,Prime,7,Charged_Off,5,40846.91,1161,0.431
2025-06-01,Prime,7,Current,432,2806052.28,1161,37.209
2025-06-01,Prime,7,DPD_30,5,26985.21,1161,0.431
2025-06-01,Prime,7,DPD_60,2,6258.61,1161,0.172
2025-06-01,Prime,7,DPD_90_PLUS,3,29085.36,1161,0.258
2025-06-01,Prime,7,Paid_Off,41,0.0,1161,3.531
2025-06-01,Prime,8,Charged_Off,7,63497.26,1161,0.603
2025-06-01,Prime,8,Current,425,2607355.57,1161,36.606
2025-06-01,Prime,8,DPD_30,7,46702.96,1161,0.603
2025-06-01,Prime,8,DPD_60,1,6130.69,1161,0.086
2025-06-01,Prime,8,DPD_90_PLUS,3,12150.57,1161,0.258
2025-06-01,Prime,8,Paid_Off,45,0.0,1161,3.876
2025-06-01,Prime,9,Charged_Off,9,72945.28,1161,0.775
2025-06-01,Prime,9,Current,412,2425470.29,1161,35.487
2025-06-01,Prime,9,DPD_30,12,64876.97,1161,1.034
2025-06-01,Prime,9,DPD_60,2,16354.830000000002,1161,0.172
2025-06-01,Prime,9,DPD_90_PLUS,1,2566.72,1161,0.086
2025-06-01,Prime,9,Paid_Off,52,0.0,1161,4.479
2025-06-01,Prime,10,Charged_Off,10,75512.0,1161,0.861
2025-06-01,Prime,10,Current,401,2260713.06,1161,34.539
2025-06-01,Prime,10,DPD_30,14,72257.09,1161,1.206
2025-06-01,Prime,10,DPD_60,2,13707.939999999999,1161,0.172
2025-06-01,Prime,10,DPD_90_PLUS,1,5568.17,1161,0.086
2025-06-01,Prime,10,Paid_Off,60,0.0,1161,5.168
2025-06-01,Prime,11,Charged_Off,10,75512.0,1161,0.861
2025-06-01,Prime,11,Current,391,2128072.44,1161,33.678
2025-06-01,Prime,11,DPD_30,12,47696.75,1161,1.034
2025-06-01,Prime,11,DPD_60,5,29582.75,1161,0.431
2025-06-01,Prime,11,DPD_90_PLUS,2,12694.75,1161,0.172
2025-06-01,Prime,11,Paid_Off,68,0.0,1161,5.857
2025-06-01,Prime,12,Charged_Off,12,88206.75,1161,1.034
2025-06-01,Prime,12,Current,383,1972598.8699999999,1161,32.989
2025-06-01,Prime,12,DPD_30,14,83889.9,1161,1.206
2025-06-01,Prime,12,DPD_60,1,2725.42,1161,0.086
2025-06-01,Prime,12,DPD_90_PLUS,4,24176.79,1161,0.345
2025-06-01,Prime,12,Paid_Off,74,0.0,1161,6.374
2025-06-01,Prime,13,Charged_Off,15,104360.47,1161,1.292
2025-06-01,Prime,13,Current,383,1892816.63,1161,32.989
2025-06-01,Prime,13,DPD_30,9,35265.33,1161,0.775
2025-06-01,Prime,13,DPD_60,4,30597.97,1161,0.345
2025-06-01,Prime,13,DPD_90_PLUS,2,10225.36,1161,0.172
2025-06-01,Prime,13,Paid_Off,75,0.0,1161,6.46
2025-06-01,Prime,14,Charged_Off,15,104360.47,1161,1.292
2025-06-01,Prime,14,Current,376,1775452.53,1161,32.386
2025-06-01,Prime,14,DPD_30,10,41695.86,1161,0.861
2025-06-01,Prime,14,DPD_60,2,7236.66,1161,0.172
2025-06-01,Prime,14,DPD_90_PLUS,6,38959.41,1161,0.517
2025-06-01,Prime,14,Paid_Off,79,0.0,1161,6.804
2025-06-01,Subprime,1,Current,289,973321.32,1161,24.892
2025-06-01,Subprime,2,Current,252,813584.39,1161,21.705
2025-06-01,Subprime,2,DPD_30,28,96793.62,1161,2.412
2025-06-01,Subprime,2,Paid_Off,9,0.0,1161,0.775
2025-06-01,Subprime,3,Current,242,749826.53,1161,20.844
2025-06-01,Subprime,3,DPD_30,35,109644.06999999999,1161,3.015
2025-06-01,Subprime,3,DPD_60,2,5404.33,1161,0.172
2025-06-01,Subprime,3,Paid_Off,10,0.0,1161,0.861
2025-06-01,Subprime,4,Current,233,683814.1,1161,20.069
2025-06-01,Subprime,4,DPD_30,31,100059.19,1161,2.67
2025-06-01,Subprime,4,DPD_60,14,40944.14,1161,1.206
2025-06-01,Subprime,4,Paid_Off,11,0.0,1161,0.947
2025-06-01,Subprime,5,Current,220,628517.08,1161,18.949
2025-06-01,Subprime,5,DPD_30,30,77520.17,1161,2.584
2025-06-01,Subprime,5,DPD_60,14,38252.55,1161,1.206
2025-06-01,Subprime,5,DPD_90_PLUS,9,25034.34,1161,0.775
2025-06-01,Subprime,5,Paid_Off,16,0.0,1161,1.378
2025-06-01,Subprime,6,Charged_Off,6,13077.64,1161,0.517
2025-06-01,Subprime,6,Current,218,580590.95,1161,18.777
2025-06-01,Subprime,6,DPD_30,21,60868.43,1161,1.809
2025-06-01,Subprime,6,DPD_60,11,28520.1,1161,0.947
2025-06-01,Subprime,6,DPD_90_PLUS,13,37341.0,1161,1.12
2025-06-01,Subprime,6,Paid_Off,20,0.0,1161,1.723
2025-06-01,Subprime,7,Charged_Off,11,30092.420000000002,1161,0.947
2025-06-01,Subprime,7,Current,204,523036.63,1161,17.571
2025-06-01,Subprime,7,DPD_30,27,69548.21,1161,2.326
2025-06-01,Subprime,7,DPD_60,7,20465.39,1161,0.603
2025-06-01,Subprime,7,DPD_90_PLUS,15,33061.78,1161,1.292
2025-06-01,Subprime,7,Paid_Off,25,0.0,1161,2.153
2025-06-01,Subprime,8,Charged_Off,16,40637.35,1161,1.378
2025-06-01,Subprime,8,Current,192,483671.81,1161,16.537
2025-06-01,Subprime,8,DPD_30,24,43268.62,1161,2.067
2025-06-01,Subprime,8,DPD_60,11,31959.13,1161,0.947
2025-06-01,Subprime,8,DPD_90_PLUS,16,38057.28,1161,1.378
2025-06-01,Subprime,8,Paid_Off,30,0.0,1161,2.584
2025-06-01,Subprime,9,Charged_Off,24,62370.57,1161,2.067
2025-06-01,Subprime,9,Current,178,428227.71,1161,15.332
2025-06-01,Subprime,9,DPD_30,28,60251.47,1161,2.412
2025-06-01,Subprime,9,DPD_60,15,30481.1,1161,1.292
2025-06-01,Subprime,9,DPD_90_PLUS,14,30119.27,1161,1.206
2025-06-01,Subprime,9,Paid_Off,30,0.0,1161,2.584
2025-06-01,Subprime,10,Charged_Off,36,87448.59,1161,3.101
2025-06-01,Subprime,10,Current,178,405749.16,1161,15.332
2025-06-01,Subprime,10,DPD_30,17,30421.72,1161,1.464
2025-06-01,Subprime,10,DPD_60,15,40310.3,1161,1.292
2025-06-01,Subprime,10,DPD_90_PLUS,9,16287.34,1161,0.775
2025-06-01,Subprime,10,Paid_Off,34,0.0,1161,2.929
2025-06-01,Subprime,11,Charged_Off,40,98066.42,1161,3.445
2025-06-01,Subprime,11,Current,170,365684.34,1161,14.643
2025-06-01,Subprime,11,DPD_30,18,39816.98,1161,1.55
2025-06-01,Subprime,11,DPD_60,7,11485.77,1161,0.603
2025-06-01,Subprime,11,DPD_90_PLUS,16,34233.48,1161,1.378
2025-06-01,Subprime,11,Paid_Off,38,0.0,1161,3.273
2025-06-01,Subprime,12,Charged_Off,49,119916.23,1161,4.22
2025-06-01,Subprime,12,Current,161,331805.9,1161,13.867
2025-06-01,Subprime,12,DPD_30,15,28447.52,1161,1.292
2025-06-01,Subprime,12,DPD_60,11,18871.5,1161,0.947
2025-06-01,Subprime,12,DPD_90_PLUS,10,18585.99,1161,0.861
2025-06-01,Subprime,12,Paid_Off,43,0.0,1161,3.704
2025-06-01,Subprime,13,Charged_Off,56,131551.93,1161,4.823
2025-06-01,Subprime,13,Current,159,310227.2,1161,13.695
2025-06-01,Subprime,13,DPD_30,13,23937.79,1161,1.12
2025-06-01,Subprime,13,DPD_60,8,14254.45,1161,0.689
2025-06-01,Subprime,13,DPD_90_PLUS,9,17921.43,1161,0.775
2025-06-01,Subprime,13,Paid_Off,44,0.0,1161,3.79
2025-06-01,Subprime,14,Charged_Off,62,143539.91,1161,5.34
2025-06-01,Subprime,14,Current,147,277708.36,1161,12.661
2025-06-01,Subprime,14,DPD_30,16,25190.22,1161,1.378
2025-06-01,Subprime,14,DPD_60,10,17972.04,1161,0.861
2025-06-01,Subprime,14,DPD_90_PLUS,8,13724.74,1161,0.689
2025-06-01,Subprime,14,Paid_Off,46,0.0,1161,3.962
2025-07-01,Near_Prime,1,Current,388,2216835.73,1140,34.035
2025-07-01,Near_Prime,2,Current,371,2035061.21,1140,32.544
2025-07-01,Near_Prime,2,DPD_30,12,50735.590000000004,1140,1.053
2025-07-01,Near_Prime,2,Paid_Off,5,0.0,1140,0.439
2025-07-01,Near_Prime,3,Current,355,1843424.56,1140,31.14
2025-07-01,Near_Prime,3,DPD_30,19,90812.5,1140,1.667
2025-07-01,Near_Prime,3,DPD_60,5,20568.98,1140,0.439
2025-07-01,Near_Prime,3,Paid_Off,9,0.0,1140,0.789
2025-07-01,Near_Prime,4,Current,336,1682331.5,1140,29.474
2025-07-01,Near_Prime,4,DPD_30,24,107833.56,1140,2.105
2025-07-01,Near_Prime,4,DPD_60,6,31296.23,1140,0.526
2025-07-01,Near_Prime,4,DPD_90_PLUS,3,9934.82,1140,0.263
2025-07-01,Near_Prime,4,Paid_Off,19,0.0,1140,1.667
2025-07-01,Near_Prime,5,Charged_Off,2,4439.34,1140,0.175
2025-07-01,Near_Prime,5,Current,329,1561286.22,1140,28.86
2025-07-01,Near_Prime,5,DPD_30,19,84514.11,1140,1.667
2025-07-01,Near_Prime,5,DPD_60,9,39539.479999999996,1140,0.789
2025-07-01,Near_Prime,5,DPD_90_PLUS,4,21593.99,1140,0.351
2025-07-01,Near_Prime,5,Paid_Off,25,0.0,1140,2.193
2025-07-01,Near_Prime,6,Charged_Off,4,16485.43,1140,0.351
2025-07-01,Near_Prime,6,Current,315,1418895.18,1140,27.632
2025-07-01,Near_Prime,6,DPD_30,19,86822.56,1140,1.667
2025-07-01,Near_Prime,6,DPD_60,10,48269.9,1140,0.877
2025-07-01,Near_Prime,6,DPD_90_PLUS,9,39849.8,1140,0.789
2025-07-01,Near_Prime,6,Paid_Off,31,0.0,1140,2.719
2025-07-01,Near_Prime,7,Charged_Off,8,34595.18,1140,0.702
2025-07-01,Near_Prime,7,Current,317,1351869.51,1140,27.807
2025-07-01,Near_Prime,7,DPD_30,11,54174.950000000004,1140,0.965
2025-07-01,Near_Prime,7,DPD_60,7,34753.08,1140,0.614
2025-07-01,Near_Prime,7,DPD_90_PLUS,13,58566.64,1140,1.14
2025-07-01,Near_Prime,7,Paid_Off,32,0.0,1140,2.807
2025-07-01,Near_Prime,8,Charged_Off,14,60969.56,1140,1.228
2025-07-01,Near_Prime,8,Current,306,1262384.43,1140,26.842
2025-07-01,Near_Prime,8,DPD_30,11,44073.26,1140,0.965
2025-07-01,Near_Prime,8,DPD_60,5,20755.72,1140,0.439
2025-07-01,Near_Prime,8,DPD_90_PLUS,13,55912.159999999996,1140,1.14
2025-07-01,Near_Prime,8,Paid_Off,39,0.0,1140,3.421
2025-07-01,Near_Prime,9,Charged_Off,22,96710.22,1140,1.93
2025-07-01,Near_Prime,9,Current,293,1148233.57,1140,25.702
2025-07-01,Near_Prime,9,DPD_30,17,68962.93000000001,1140,1.491
2025-07-01,Near_Prime,9,DPD_60,4,21125.13,1140,0.351
2025-07-01,Near_Prime,9,DPD_90_PLUS,7,23698.989999999998,1140,0.614
2025-07-01,Near_Prime,9,Paid_Off,45,0.0,1140,3.947
2025-07-01,Near_Prime,10,Charged_Off,25,107208.91,1140,2.193
2025-07-01,Near_Prime,10,Current,292,1114606.25,1140,25.614
2025-07-01,Near_Prime,10,DPD_30,10,24563.45,1140,0.877
2025-07-01,Near_Prime,10,DPD_60,6,15884.99,1140,0.526
2025-07-01,Near_Prime,10,DPD_90_PLUS,5,20142.94,1140,0.439
2025-07-01,Near_Prime,10,Paid_Off,50,0.0,1140,4.386
2025-07-01,Near_Prime,11,Charged_Off,29,123775.23,1140,2.544
2025-07-01,Near_Prime,11,Current,285,1031014.61,1140,25.0
2025-07-01,Near_Prime,11,DPD_30,14,47510.94,1140,1.228
2025-07-01,Near_Prime,11,DPD_60,2,4714.610000000001,1140,0.175
2025-07-01,Near_Prime,11,DPD_90_PLUS,6,16787.43,1140,0.526
2025-07-01,Near_Prime,11,Paid_Off,52,0.0,1140,4.561
2025-07-01,Near_Prime,12,Charged_Off,34,139337.12,1140,2.982
2025-07-01,Near_Prime,12,Current,275,945884.18,1140,24.123
2025-07-01,Near_Prime,12,DPD_30,19,65876.29,1140,1.667
2025-07-01,Near_Prime,12,DPD_60,5,18081.88,1140,0.439
2025-07-01,Near_Prime,12,DPD_90_PLUS,3,5658.12,1140,0.263
2025-07-01,Near_Prime,12,Paid_Off,52,0.0,1140,4.561
2025-07-01,Near_Prime,13,Charged_Off,36,143839.36,1140,3.158
2025-07-01,Near_Prime,13,Current,277,915254.26,1140,24.298
2025-07-01,Near_Prime,13,DPD_30,8,24371.34,1140,0.702
2025-07-01,Near_Prime,13,DPD_60,7,22846.14,1140,0.614
2025-07-01,Near_Prime,13,DPD_90_PLUS,6,18491.25,1140,0.526
2025-07-01,Near_Prime,13,Paid_Off,54,0.0,1140,4.737
2025-07-01,Prime,1,Current,455,3768850.37,1140,39.912
2025-07-01,Prime,2,Current,444,3484607.9,1140,38.947
2025-07-01,Prime,2,DPD_30,6,57929.770000000004,1140,0.526
2025-07-01,Prime,2,Paid_Off,5,0.0,1140,0.439
2025-07-01,Prime,3,Current,435,3276238.76,1140,38.158
2025-07-01,Prime,3,DPD_30,10,74369.09,1140,0.877
2025-07-01,Prime,3,DPD_60,2,16854.25,1140,0.175
2025-07-01,Prime,3,Paid_Off,8,0.0,1140,0.702
2025-07-01,Prime,4,Current,425,3042463.65,1140,37.281
2025-07-01,Prime,4,DPD_30,9,63287.8,1140,0.789
2025-07-01,Prime,4,DPD_60,2,15317.920000000002,1140,0.175
2025-07-01,Prime,4,DPD_90_PLUS,2,16024.130000000001,1140,0.175
2025-07-01,Prime,4,Paid_Off,17,0.0,1140,1.491
2025-07-01,Prime,5,Charged_Off,2,16024.130000000001,1140,0.175
2025-07-01,Prime,5,Current,409,2790039.86,1140,35.877
2025-07-01,Prime,5,DPD_30,14,86901.36,1140,1.228
2025-07-01,Prime,5,DPD_60,3,28015.21,1140,0.263
2025-07-01,Prime,5,DPD_90_PLUS,2,14618.74,1140,0.175
2025-07-01,Prime,5,Paid_Off,25,0.0,1140,2.193
2025-07-01,Prime,6,Charged_Off,3,24699.45,1140,0.263
2025-07-01,Prime,6,Current,404,2623143.0,1140,35.439
2025-07-01,Prime,6,DPD_30,13,90964.68,1140,1.14
2025-07-01,Prime,6,DPD_60,3,19340.870000000003,1140,0.263
2025-07-01,Prime,6,DPD_90_PLUS,4,32365.190000000002,1140,0.351
2025-07-01,Prime,6,Paid_Off,28,0.0,1140,2.456
2025-07-01,Prime,7,Charged_Off,7,57064.64,1140,0.614
2025-07-01,Prime,7,Current,390,2403809.06,1140,34.211
2025-07-01,Prime,7,DPD_30,12,89085.32,1140,1.053
2025-07-01,Prime,7,DPD_60,6,44413.54,1140,0.526
2025-07-01,Prime,7,DPD_90_PLUS,2,8739.45,1140,0.175
2025-07-01,Prime,7,Paid_Off,38,0.0,1140,3.333
2025-07-01,Prime,8,Charged_Off,8,62580.53,1140,0.702
2025-07-01,Prime,8,Current,381,2240814.71,1140,33.421
2025-07-01,Prime,8,DPD_30,9,57247.299999999996,1140,0.789
2025-07-01,Prime,8,DPD_60,8,50640.399999999994,1140,0.702
2025-07-01,Prime,8,DPD_90_PLUS,5,31721.989999999998,1140,0.439
2025-07-01,Prime,8,Paid_Off,44,0.0,1140,3.86
2025-07-01,Prime,9,Charged_Off,11,83728.95,1140,0.965
2025-07-01,Prime,9,Current,364,2024783.48,1140,31.93
2025-07-01,Prime,9,DPD_30,16,111710.84,1140,1.404
2025-07-01,Prime,9,DPD_60,7,48018.09,1140,0.614
2025-07-01,Prime,9,DPD_90_PLUS,5,24440.55,1140,0.439
2025-07-01,Prime,9,Paid_Off,52,0.0,1140,4.561
2025-07-01,Prime,10,Charged_Off,14,98830.16,1140,1.228
2025-07-01,Prime,10,Current,362,1946589.13,1140,31.754
2025-07-01,Prime,10,DPD_30,11,55579.96,1140,0.965
2025-07-01,Prime,10,DPD_60,2,11441.279999999999,1140,0.175
2025-07-01,Prime,10,DPD_90_PLUS,6,37238.87,1140,0.526
2025-07-01,Prime,10,Paid_Off,60,0.0,1140,5.263
2025-07-01,Prime,11,Charged_Off,20,136069.03,1140,1.754
2025-07-01,Prime,11,Current,355,1829703.35,1140,31.14
2025-07-01,Prime,11,DPD_30,7,31819.52,1140,0.614
2025-07-01,Prime,11,DPD_60,4,18836.31,1140,0.351
2025-07-01,Prime,11,DPD_90_PLUS,2,11047.27,1140,0.175
2025-07-01,Prime,11,Paid_Off,67,0.0,1140,5.877
2025-07-01,Prime,12,Charged_Off,20,136069.03,1140,1.754
2025-07-01,Prime,12,Current,345,1704437.27,1140,30.263
2025-07-01,Prime,12,DPD_30,10,39103.05,1140,0.877
2025-07-01,Prime,12,DPD_60,3,14112.759999999998,1140,0.263
2025-07-01,Prime,12,DPD_90_PLUS,4,19242.989999999998,1140,0.351
2025-07-01,Prime,12,Paid_Off,73,0.0,1140,6.404
2025-07-01,Prime,13,Charged_Off,24,155312.02,1140,2.105
2025-07-01,Prime,13,Current,339,1579730.22,1140,29.737
2025-07-01,Prime,13,DPD_30,11,60932.6,1140,0.965
2025-07-01,Prime,13,DPD_60,2,7376.98,1140,0.175
2025-07-01,Prime,13,DPD_90_PLUS,2,8897.72,1140,0.175
2025-07-01,Prime,13,Paid_Off,77,0.0,1140,6.754
2025-07-01,Subprime,1,Current,297,961441.58,1140,26.053
2025-07-01,Subprime,2,Current,271,851526.85,1140,23.772
2025-07-01,Subprime,2,DPD_30,24,59938.79,1140,2.105
2025-07-01,Subprime,2,Paid_Off,2,0.0,1140,0.175
2025-07-01,Subprime,3,Current,251,741059.35,1140,22.018
2025-07-01,Subprime,3,DPD_30,31,93555.51,1140,2.719
2025-07-01,Subprime,3,DPD_60,8,14351.23,1140,0.702
2025-07-01,Subprime,3,Paid_Off,7,0.0,1140,0.614
2025-07-01,Subprime,4,Current,238,674697.37,1140,20.877
2025-07-01,Subprime,4,DPD_30,33,94297.35,1140,2.895
2025-07-01,Subprime,4,DPD_60,14,32267.6,1140,1.228
2025-07-01,Subprime,4,DPD_90_PLUS,3,3332.76,1140,0.263
2025-07-01,Subprime,4,Paid_Off,9,0.0,1140,0.789
2025-07-01,Subprime,5,Charged_Off,3,3332.76,1140,0.263
2025-07-01,Subprime,5,Current,235,630577.95,1140,20.614
2025-07-01,Subprime,5,DPD_30,27,76885.52,1140,2.368
2025-07-01,Subprime,5,DPD_60,15,41384.35,1140,1.316
2025-07-01,Subprime,5,DPD_90_PLUS,7,13030.59,1140,0.614
2025-07-01,Subprime,5,Paid_Off,10,0.0,1140,0.877
2025-07-01,Subprime,6,Charged_Off,7,7232.15,1140,0.614
2025-07-01,Subprime,6,Current,221,563760.47,1140,19.386
2025-07-01,Subprime,6,DPD_30,30,83541.58,1140,2.632
2025-07-01,Subprime,6,DPD_60,12,35120.7,1140,1.053
2025-07-01,Subprime,6,DPD_90_PLUS,11,31452.489999999998,1140,0.965
2025-07-01,Subprime,6,Paid_Off,16,0.0,1140,1.404
2025-07-01,Subprime,7,Charged_Off,13,23840.94,1140,1.14
2025-07-01,Subprime,7,Current,215,525494.65,1140,18.86
2025-07-01,Subprime,7,DPD_30,31,78888.74,1140,2.719
2025-07-01,Subprime,7,DPD_60,8,20237.68,1140,0.702
2025-07-01,Subprime,7,DPD_90_PLUS,12,35779.63,1140,1.053
2025-07-01,Subprime,7,Paid_Off,18,0.0,1140,1.579
2025-07-01,Subprime,8,Charged_Off,24,59052.159999999996,1140,2.105
2025-07-01,Subprime,8,Current,211,492402.62,1140,18.509
2025-07-01,Subprime,8,DPD_30,22,55268.9,1140,1.93
2025-07-01,Subprime,8,DPD_60,9,22236.8,1140,0.789
2025-07-01,Subprime,8,DPD_90_PLUS,9,19848.72,1140,0.789
2025-07-01,Subprime,8,Paid_Off,22,0.0,1140,1.93
2025-07-01,Subprime,9,Charged_Off,29,67617.48,1140,2.544
2025-07-01,Subprime,9,Current,202,446157.54,1140,17.719
2025-07-01,Subprime,9,DPD_30,17,44191.23,1140,1.491
2025-07-01,Subprime,9,DPD_60,12,25762.45,1140,1.053
2025-07-01,Subprime,9,DPD_90_PLUS,13,32191.61,1140,1.14
2025-07-01,Subprime,9,Paid_Off,24,0.0,1140,2.105
2025-07-01,Subprime,10,Charged_Off,38,93636.1,1140,3.333
2025-07-01,Subprime,10,Current,182,384076.82,1140,15.965
2025-07-01,Subprime,10,DPD_30,28,58874.73,1140,2.456
2025-07-01,Subprime,10,DPD_60,9,20229.62,1140,0.789
2025-07-01,Subprime,10,DPD_90_PLUS,13,26148.68,1140,1.14
2025-07-01,Subprime,10,Paid_Off,27,0.0,1140,2.368
2025-07-01,Subprime,11,Charged_Off,43,103729.96,1140,3.772
2025-07-01,Subprime,11,Current,183,366673.24,1140,16.053
2025-07-01,Subprime,11,DPD_30,18,39010.73,1140,1.579
2025-07-01,Subprime,11,DPD_60,9,17371.12,1140,0.789
2025-07-01,Subprime,11,DPD_90_PLUS,14,28764.3,1140,1.228
2025-07-01,Subprime,11,Paid_Off,30,0.0,1140,2.632
2025-07-01,Subprime,12,Charged_Off,50,120444.26,1140,4.386
2025-07-01,Subprime,12,Current,167,320091.97,1140,14.649
2025-07-01,Subprime,12,DPD_30,20,40030.85,1140,1.754
2025-07-01,Subprime,12,DPD_60,14,28815.64,1140,1.228
2025-07-01,Subprime,12,DPD_90_PLUS,12,21883.86,1140,1.053
2025-07-01,Subprime,12,Paid_Off,34,0.0,1140,2.982
2025-07-01,Subprime,13,Charged_Off,59,137645.78,1140,5.175
2025-07-01,Subprime,13,Current,166,302466.74,1140,14.561
2025-07-01,Subprime,13,DPD_30,14,28597.14,1140,1.228
2025-07-01,Subprime,13,DPD_60,8,19762.35,1140,0.702
2025-07-01,Subprime,13,DPD_90_PLUS,12,17911.25,1140,1.053
2025-07-01,Subprime,13,Paid_Off,38,0.0,1140,3.333
2025-08-01,Near_Prime,1,Current,273,1536119.82,799,34.168
2025-08-01,Near_Prime,2,Current,263,1403534.29,799,32.916
2025-08-01,Near_Prime,2,DPD_30,6,32636.859999999997,799,0.751
2025-08-01,Near_Prime,2,Paid_Off,4,0.0,799,0.501
2025-08-01,Near_Prime,3,Current,253,1291278.32,799,31.665
2025-08-01,Near_Prime,3,DPD_30,10,65534.94,799,1.252
2025-08-01,Near_Prime,3,DPD_60,2,3656.31,799,0.25
2025-08-01,Near_Prime,3,Paid_Off,8,0.0,799,1.001
2025-08-01,Near_Prime,4,Current,238,1150039.03,799,29.787
2025-08-01,Near_Prime,4,DPD_30,19,116356.04000000001,799,2.378
2025-08-01,Near_Prime,4,DPD_60,1,6546.39,799,0.125
2025-08-01,Near_Prime,4,DPD_90_PLUS,2,3492.4700000000003,799,0.25
2025-08-01,Near_Prime,4,Paid_Off,13,0.0,799,1.627
2025-08-01,Near_Prime,5,Charged_Off,2,3492.4700000000003,799,0.25
2025-08-01,Near_Prime,5,Current,232,1083408.19,799,29.036
2025-08-01,Near_Prime,5,DPD_30,14,58058.7,799,1.752
2025-08-01,Near_Prime,5,DPD_60,8,59776.58,799,1.001
2025-08-01,Near_Prime,5,Paid_Off,17,0.0,799,2.128
2025-08-01,Near_Prime,6,Charged_Off,2,3492.4700000000003,799,0.25
2025-08-01,Near_Prime,6,Current,222,996118.82,799,27.785
2025-08-01,Near_Prime,6,DPD_30,16,68556.35,799,2.003
2025-08-01,Near_Prime,6,DPD_60,9,58699.93,799,1.126
2025-08-01,Near_Prime,6,DPD_90_PLUS,3,10628.22,799,0.375
2025-08-01,Near_Prime,6,Paid_Off,21,0.0,799,2.628
2025-08-01,Near_Prime,7,Charged_Off,4,12382.58,799,0.501
2025-08-01,Near_Prime,7,Current,215,916988.0599999999,799,26.909
2025-08-01,Near_Prime,7,DPD_30,16,74104.75,799,2.003
2025-08-01,Near_Prime,7,DPD_60,9,39420.74,799,1.126
2025-08-01,Near_Prime,7,DPD_90_PLUS,6,35743.42,799,0.751
2025-08-01,Near_Prime,7,Paid_Off,23,0.0,799,2.879
2025-08-01,Near_Prime,8,Charged_Off,5,24516.97,799,0.626
2025-08-01,Near_Prime,8,Current,210,857494.43,799,26.283
2025-08-01,Near_Prime,8,DPD_30,12,53981.82,799,1.502
2025-08-01,Near_Prime,8,DPD_60,11,45823.74,799,1.377
2025-08-01,Near_Prime,8,DPD_90_PLUS,10,38768.22,799,1.252
2025-08-01,Near_Prime,8,Paid_Off,25,0.0,799,3.129
2025-08-01,Near_Prime,9,Charged_Off,10,42605.4,799,1.252
2025-08-01,Near_Prime,9,Current,201,774537.3,799,25.156
2025-08-01,Near_Prime,9,DPD_30,20,83833.44,799,2.503
2025-08-01,Near_Prime,9,DPD_60,5,19610.61,799,0.626
2025-08-01,Near_Prime,9,DPD_90_PLUS,11,49146.51,799,1.377
2025-08-01,Near_Prime,9,Paid_Off,26,0.0,799,3.254
2025-08-01,Near_Prime,10,Charged_Off,15,73167.98,799,1.877
2025-08-01,Near_Prime,10,Current,204,742488.69,799,25.532
2025-08-01,Near_Prime,10,DPD_30,10,51513.12,799,1.252
2025-08-01,Near_Prime,10,DPD_60,3,12651.449999999999,799,0.375
2025-08-01,Near_Prime,10,DPD_90_PLUS,10,34599.67,799,1.252
2025-08-01,Near_Prime,10,Paid_Off,31,0.0,799,3.88
2025-08-01,Near_Prime,11,Charged_Off,24,103947.81999999999,799,3.004
2025-08-01,Near_Prime,11,Current,201,712860.97,799,25.156
2025-08-01,Near_Prime,11,DPD_30,9,41327.81,799,1.126
2025-08-01,Near_Prime,11,DPD_60,2,5605.63,799,0.25
2025-08-01,Near_Prime,11,DPD_90_PLUS,3,7346.22,799,0.375
2025-08-01,Near_Prime,11,Paid_Off,34,0.0,799,4.255
2025-08-01,Near_Prime,12,Charged_Off,27,111294.04,799,3.379
2025-08-01,Near_Prime,12,Current,193,652390.34,799,24.155
2025-08-01,Near_Prime,12,DPD_30,15,58194.46,799,1.877
2025-08-01,Near_Prime,12,DPD_60,3,10652.43,799,0.375
2025-08-01,Near_Prime,12,DPD_90_PLUS,1,3634.45,799,0.125
2025-08-01,Near_Prime,12,Paid_Off,34,0.0,799,4.255
2025-08-01,Prime,1,Current,338,2987506.8,799,42.303
2025-08-01,Prime,2,Current,330,2766258.82,799,41.302
2025-08-01,Prime,2,DPD_30,6,57833.46,799,0.751
2025-08-01,Prime,2,Paid_Off,2,0.0,799,0.25
2025-08-01,Prime,3,Current,323,2608399.3,799,40.426
2025-08-01,Prime,3,DPD_30,9,56777.49,799,1.126
2025-08-01,Prime,3,DPD_60,1,13943.21,799,0.125
2025-08-01,Prime,3,Paid_Off,5,0.0,799,0.626
2025-08-01,Prime,4,Current,322,2482647.37,799,40.3
2025-08-01,Prime,4,DPD_30,5,33222.39,799,0.626
2025-08-01,Prime,4,DPD_60,3,12016.82,799,0.375
2025-08-01,Prime,4,DPD_90_PLUS,1,13257.15,799,0.125
2025-08-01,Prime,4,Paid_Off,7,0.0,799,0.876
2025-08-01,Prime,5,Current,317,2319338.45,799,39.675
2025-08-01,Prime,5,DPD_30,7,52002.84,799,0.876
2025-08-01,Prime,5,DPD_90_PLUS,4,24101.25,799,0.501
2025-08-01,Prime,5,Paid_Off,10,0.0,799,1.252
2025-08-01,Prime,6,Charged_Off,3,11371.75,799,0.375
2025-08-01,Prime,6,Current,309,2171661.45,799,38.673
2025-08-01,Prime,6,DPD_30,8,50918.92,799,1.001
2025-08-01,Prime,6,DPD_60,3,18265.55,799,0.375
2025-08-01,Prime,6,DPD_90_PLUS,1,12018.84,799,0.125
2025-08-01,Prime,6,Paid_Off,14,0.0,799,1.752
2025-08-01,Prime,7,Charged_Off,3,11371.75,799,0.375
2025-08-01,Prime,7,Current,307,2051893.34,799,38.423
2025-08-01,Prime,7,DPD_30,8,62535.4,799,1.001
2025-08-01,Prime,7,DPD_90_PLUS,4,28949.44,799,0.501
2025-08-01,Prime,7,Paid_Off,16,0.0,799,2.003
2025-08-01,Prime,8,Charged_Off,4,22135.55,799,0.501
2025-08-01,Prime,8,Current,302,1920563.16,799,37.797
2025-08-01,Prime,8,DPD_30,9,68500.87,799,1.126
2025-08-01,Prime,8,DPD_60,2,17470.45,799,0.25
2025-08-01,Prime,8,DPD_90_PLUS,3,17489.59,799,0.375
2025-08-01,Prime,8,Paid_Off,18,0.0,799,2.253
2025-08-01,Prime,9,Charged_Off,5,26708.97,799,0.626
2025-08-01,Prime,9,Current,294,1767580.02,799,36.796
2025-08-01,Prime,9,DPD_30,14,112559.04,799,1.752
2025-08-01,Prime,9,DPD_60,3,16422.88,799,0.375
2025-08-01,Prime,9,DPD_90_PLUS,2,22817.39,799,0.25
2025-08-01,Prime,9,Paid_Off,20,0.0,799,2.503
2025-08-01,Prime,10,Charged_Off,7,49526.36,799,0.876
2025-08-01,Prime,10,Current,287,1681886.69,799,35.92
2025-08-01,Prime,10,DPD_30,13,61501.44,799,1.627
2025-08-01,Prime,10,DPD_60,4,26234.68,799,0.501
2025-08-01,Prime,10,DPD_90_PLUS,3,15606.8,799,0.375
2025-08-01,Prime,10,Paid_Off,24,0.0,799,3.004
2025-08-01,Prime,11,Charged_Off,10,65133.159999999996,799,1.252
2025-08-01,Prime,11,Current,286,1606926.8,799,35.795
2025-08-01,Prime,11,DPD_30,4,20966.51,799,0.501
2025-08-01,Prime,11,DPD_60,7,30614.42,799,0.876
2025-08-01,Prime,11,DPD_90_PLUS,2,10859.460000000001,799,0.25
2025-08-01,Prime,11,Paid_Off,29,0.0,799,3.63
2025-08-01,Prime,12,Charged_Off,11,68399.56,799,1.377
2025-08-01,Prime,12,Current,278,1487992.0,799,34.793
2025-08-01,Prime,12,DPD_30,10,53329.04,799,1.252
2025-08-01,Prime,12,DPD_60,3,13993.130000000001,799,0.375
2025-08-01,Prime,12,DPD_90_PLUS,3,14466.64,799,0.375
2025-08-01,Prime,12,Paid_Off,33,0.0,799,4.13
2025-08-01,Subprime,1,Current,188,638166.32,799,23.529
2025-08-01,Subprime,2,Current,175,569387.72,799,21.902
2025-08-01,Subprime,2,DPD_30,10,25827.42,799,1.252
2025-08-01,Subprime,2,Paid_Off,3,0.0,799,0.375
2025-08-01,Subprime,3,Current,162,486303.46,799,20.275
2025-08-01,Subprime,3,DPD_30,14,52957.64,799,1.752
2025-08-01,Subprime,3,DPD_60,4,9498.02,799,0.501
2025-08-01,Subprime,3,Paid_Off,8,0.0,799,1.001
2025-08-01,Subprime,4,Current,152,438355.83,799,19.024
2025-08-01,Subprime,4,DPD_30,19,60381.96,799,2.378
2025-08-01,Subprime,4,DPD_60,4,19018.21,799,0.501
2025-08-01,Subprime,4,DPD_90_PLUS,3,4718.87,799,0.375
2025-08-01,Subprime,4,Paid_Off,10,0.0,799,1.252
2025-08-01,Subprime,5,Charged_Off,1,1346.12,799,0.125
2025-08-01,Subprime,5,Current,142,403083.98,799,17.772
2025-08-01,Subprime,5,DPD_30,17,42588.2,799,2.128
2025-08-01,Subprime,5,DPD_60,11,31705.89,799,1.377
2025-08-01,Subprime,5,DPD_90_PLUS,5,17334.54,799,0.626
2025-08-01,Subprime,5,Paid_Off,12,0.0,799,1.502
2025-08-01,Subprime,6,Charged_Off,4,8666.759999999998,799,0.501
2025-08-01,Subprime,6,Current,141,379097.02,799,17.647
2025-08-01,Subprime,6,DPD_30,12,32048.6,799,1.502
2025-08-01,Subprime,6,DPD_60,11,28372.74,799,1.377
2025-08-01,Subprime,6,DPD_90_PLUS,8,25266.64,799,1.001
2025-08-01,Subprime,6,Paid_Off,12,0.0,799,1.502
2025-08-01,Subprime,7,Charged_Off,10,25004.64,799,1.252
2025-08-01,Subprime,7,Current,132,333822.61,799,16.521
2025-08-01,Subprime,7,DPD_30,14,36964.77,799,1.752
2025-08-01,Subprime,7,DPD_60,9,24808.510000000002,799,1.126
2025-08-01,Subprime,7,DPD_90_PLUS,8,24409.02,799,1.001
2025-08-01,Subprime,7,Paid_Off,15,0.0,799,1.877
2025-08-01,Subprime,8,Charged_Off,15,41032.21,799,1.877
2025-08-01,Subprime,8,Current,126,312874.05,799,15.77
2025-08-01,Subprime,8,DPD_30,13,26419.44,799,1.627
2025-08-01,Subprime,8,DPD_60,9,19480.24,799,1.126
2025-08-01,Subprime,8,DPD_90_PLUS,8,24355.37,799,1.001
2025-08-01,Subprime,8,Paid_Off,17,0.0,799,2.128
2025-08-01,Subprime,9,Charged_Off,21,59249.76,799,2.628
2025-08-01,Subprime,9,Current,115,268903.96,799,14.393
2025-08-01,Subprime,9,DPD_30,22,53846.090000000004,799,2.753
2025-08-01,Subprime,9,DPD_60,3,6920.14,799,0.375
2025-08-01,Subprime,9,DPD_90_PLUS,8,16033.06,799,1.001
2025-08-01,Subprime,9,Paid_Off,19,0.0,799,2.378
2025-08-01,Subprime,10,Charged_Off,25,65966.56999999999,799,3.129
2025-08-01,Subprime,10,Current,113,252203.49,799,14.143
2025-08-01,Subprime,10,DPD_30,15,30388.95,799,1.877
2025-08-01,Subprime,10,DPD_60,10,27620.28,799,1.252
2025-08-01,Subprime,10,DPD_90_PLUS,6,13360.619999999999,799,0.751
2025-08-01,Subprime,10,Paid_Off,19,0.0,799,2.378
2025-08-01,Subprime,11,Charged_Off,29,75252.13,799,3.63
2025-08-01,Subprime,11,Current,107,226350.18,799,13.392
2025-08-01,Subprime,11,DPD_30,20,47316.32,799,2.503
2025-08-01,Subprime,11,DPD_60,4,10211.1,799,0.501
2025-08-01,Subprime,11,DPD_90_PLUS,7,13957.72,799,0.876
2025-08-01,Subprime,11,Paid_Off,21,0.0,799,2.628
2025-08-01,Subprime,12,Charged_Off,33,84166.28,799,4.13
2025-08-01,Subprime,12,Current,108,219930.68,799,13.517
2025-08-01,Subprime,12,DPD_30,13,33919.630000000005,799,1.627
2025-08-01,Subprime,12,DPD_60,9,12907.86,799,1.126
2025-08-01,Subprime,12,DPD_90_PLUS,4,9198.64,799,0.501
2025-08-01,Subprime,12,Paid_Off,21,0.0,799,2.628
2025-09-01,Near_Prime,1,Current,339,1943585.6,1021,33.203
2025-09-01,Near_Prime,2,Current,321,1772549.11,1021,31.44
2025-09-01,Near_Prime,2,DPD_30,15,66935.6,1021,1.469
2025-09-01,Near_Prime,2,Paid_Off,3,0.0,1021,0.294
2025-09-01,Near_Prime,3,Current,309,1633566.51,1021,30.264
2025-09-01,Near_Prime,3,DPD_30,17,86205.19,1021,1.665
2025-09-01,Near_Prime,3,DPD_60,6,21495.81,1021,0.588
2025-09-01,Near_Prime,3,Paid_Off,7,0.0,1021,0.686
2025-09-01,Near_Prime,4,Current,298,1498445.39,1021,29.187
2025-09-01,Near_Prime,4,DPD_30,22,107064.37,1021,2.155
2025-09-01,Near_Prime,4,DPD_60,6,32266.21,1021,0.588
2025-09-01,Near_Prime,4,DPD_90_PLUS,4,7789.66,1021,0.392
2025-09-01,Near_Prime,4,Paid_Off,9,0.0,1021,0.881
2025-09-01,Near_Prime,5,Charged_Off,3,6046.49,1021,0.294
2025-09-01,Near_Prime,5,Current,286,1398320.32,1021,28.012
2025-09-01,Near_Prime,5,DPD_30,21,80938.27,1021,2.057
2025-09-01,Near_Prime,5,DPD_60,7,35727.01,1021,0.686
2025-09-01,Near_Prime,5,DPD_90_PLUS,6,23977.64,1021,0.588
2025-09-01,Near_Prime,5,Paid_Off,16,0.0,1021,1.567
2025-09-01,Near_Prime,6,Charged_Off,7,23336.87,1021,0.686
2025-09-01,Near_Prime,6,Current,275,1277964.3,1021,26.934
2025-09-01,Near_Prime,6,DPD_30,19,84363.69,1021,1.861
2025-09-01,Near_Prime,6,DPD_60,10,35561.05,1021,0.979
2025-09-01,Near_Prime,6,DPD_90_PLUS,7,33771.16,1021,0.686
2025-09-01,Near_Prime,6,Paid_Off,21,0.0,1021,2.057
2025-09-01,Near_Prime,7,Charged_Off,12,50731.0,1021,1.175
2025-09-01,Near_Prime,7,Current,268,1183572.94,1021,26.249
2025-09-01,Near_Prime,7,DPD_30,17,89543.39,1021,1.665
2025-09-01,Near_Prime,7,DPD_60,5,16813.32,1021,0.49
2025-09-01,Near_Prime,7,DPD_90_PLUS,10,31172.8,1021,0.979
2025-09-01,Near_Prime,7,Paid_Off,27,0.0,1021,2.644
2025-09-01,Near_Prime,8,Charged_Off,19,68965.06999999999,1021,1.861
2025-09-01,Near_Prime,8,Current,258,1097487.64,1021,25.269
2025-09-01,Near_Prime,8,DPD_30,15,55309.1,1021,1.469
2025-09-01,Near_Prime,8,DPD_60,6,42360.57,1021,0.588
2025-09-01,Near_Prime,8,DPD_90_PLUS,8,28635.010000000002,1021,0.784
2025-09-01,Near_Prime,8,Paid_Off,33,0.0,1021,3.232
2025-09-01,Near_Prime,9,Charged_Off,26,94808.01,1021,2.547
2025-09-01,Near_Prime,9,Current,251,1003457.93,1021,24.584
2025-09-01,Near_Prime,9,DPD_30,16,78653.3,1021,1.567
2025-09-01,Near_Prime,9,DPD_60,6,28887.41,1021,0.588
2025-09-01,Near_Prime,9,DPD_90_PLUS,4,20326.760000000002,1021,0.392
2025-09-01,Near_Prime,9,Paid_Off,36,0.0,1021,3.526
2025-09-01,Near_Prime,10,Charged_Off,29,112495.85,1021,2.84
2025-09-01,Near_Prime,10,Current,242,932700.34,1021,23.702
2025-09-01,Near_Prime,10,DPD_30,17,61865.61,1021,1.665
2025-09-01,Near_Prime,10,DPD_60,8,39821.85,1021,0.784
2025-09-01,Near_Prime,10,DPD_90_PLUS,4,17317.03,1021,0.392
2025-09-01,Near_Prime,10,Paid_Off,39,0.0,1021,3.82
2025-09-01,Near_Prime,11,Charged_Off,32,127598.07,1021,3.134
2025-09-01,Near_Prime,11,Current,233,857460.78,1021,22.821
2025-09-01,Near_Prime,11,DPD_30,15,51467.88,1021,1.469
2025-09-01,Near_Prime,11,DPD_60,10,40312.07,1021,0.979
2025-09-01,Near_Prime,11,DPD_90_PLUS,6,27949.1,1021,0.588
2025-09-01,Near_Prime,11,Paid_Off,43,0.0,1021,4.212
2025-09-01,Prime,1,Current,437,3615772.45,1021,42.801
2025-09-01,Prime,2,Current,431,3410237.5,1021,42.214
2025-09-01,Prime,2,DPD_30,3,21984.72,1021,0.294
2025-09-01,Prime,2,Paid_Off,3,0.0,1021,0.294
2025-09-01,Prime,3,Current,424,3193103.13,1021,41.528
2025-09-01,Prime,3,DPD_30,5,42187.93,1021,0.49
2025-09-01,Prime,3,DPD_60,1,3202.43,1021,0.098
2025-09-01,Prime,3,Paid_Off,7,0.0,1021,0.686
2025-09-01,Prime,4,Current,412,2978645.45,1021,40.353
2025-09-01,Prime,4,DPD_30,7,48197.66,1021,0.686
2025-09-01,Prime,4,DPD_60,4,33890.6,1021,0.392
2025-09-01,Prime,4,DPD_90_PLUS,1,3062.22,1021,0.098
2025-09-01,Prime,4,Paid_Off,13,0.0,1021,1.273
2025-09-01,Prime,5,Charged_Off,1,3062.22,1021,0.098
2025-09-01,Prime,5,Current,403,2775310.42,1021,39.471
2025-09-01,Prime,5,DPD_30,11,74446.42,1021,1.077
2025-09-01,Prime,5,DPD_60,2,9734.41,1021,0.196
2025-09-01,Prime,5,DPD_90_PLUS,2,21960.91,1021,0.196
2025-09-01,Prime,5,Paid_Off,18,0.0,1021,1.763
2025-09-01,Prime,6,Charged_Off,2,18660.33,1021,0.196
2025-09-01,Prime,6,Current,393,2593316.49,1021,38.492
2025-09-01,Prime,6,DPD_30,10,60757.36,1021,0.979
2025-09-01,Prime,6,DPD_60,5,27260.91,1021,0.49
2025-09-01,Prime,6,DPD_90_PLUS,2,8940.32,1021,0.196
2025-09-01,Prime,6,Paid_Off,25,0.0,1021,2.449
2025-09-01,Prime,7,Charged_Off,4,27600.65,1021,0.392
2025-09-01,Prime,7,Current,388,2426672.1,1021,38.002
2025-09-01,Prime,7,DPD_30,11,68835.4,1021,1.077
2025-09-01,Prime,7,DPD_60,3,20577.239999999998,1021,0.294
2025-09-01,Prime,7,DPD_90_PLUS,2,12161.73,1021,0.196
2025-09-01,Prime,7,Paid_Off,29,0.0,1021,2.84
2025-09-01,Prime,8,Charged_Off,5,35036.62,1021,0.49
2025-09-01,Prime,8,Current,386,2296596.64,1021,37.806
2025-09-01,Prime,8,DPD_30,7,44126.91,1021,0.686
2025-09-01,Prime,8,DPD_60,3,18922.79,1021,0.294
2025-09-01,Prime,8,DPD_90_PLUS,4,24189.61,1021,0.392
2025-09-01,Prime,8,Paid_Off,32,0.0,1021,3.134
2025-09-01,Prime,9,Charged_Off,7,45970.7,1021,0.686
2025-09-01,Prime,9,Current,374,2127730.24,1021,36.631
2025-09-01,Prime,9,DPD_30,10,52549.18,1021,0.979
2025-09-01,Prime,9,DPD_60,3,22939.41,1021,0.294
2025-09-01,Prime,9,DPD_90_PLUS,5,30913.54,1021,0.49
2025-09-01,Prime,9,Paid_Off,38,0.0,1021,3.722
2025-09-01,Prime,10,Charged_Off,10,67890.32,1021,0.979
2025-09-01,Prime,10,Current,365,1967817.21,1021,35.749
2025-09-01,Prime,10,DPD_30,12,66621.23,1021,1.175
2025-09-01,Prime,10,DPD_60,2,17553.21,1021,0.196
2025-09-01,Prime,10,DPD_90_PLUS,4,21939.27,1021,0.392
2025-09-01,Prime,10,Paid_Off,44,0.0,1021,4.31
2025-09-01,Prime,11,Charged_Off,13,85663.74,1021,1.273
2025-09-01,Prime,11,Current,366,1890521.23,1021,35.847
2025-09-01,Prime,11,DPD_30,6,38238.3,1021,0.588
2025-09-01,Prime,11,DPD_60,3,15863.35,1021,0.294
2025-09-01,Prime,11,DPD_90_PLUS,2,12050.05,1021,0.196
2025-09-01,Prime,11,Paid_Off,47,0.0,1021,4.603
2025-09-01,Subprime,1,Current,245,823201.89,1021,23.996
2025-09-01,Subprime,2,Current,219,710270.69,1021,21.45
2025-09-01,Subprime,2,DPD_30,21,55474.36,1021,2.057
2025-09-01,Subprime,2,Paid_Off,5,0.0,1021,0.49
2025-09-01,Subprime,3,Current,205,633606.27,1021,20.078
2025-09-01,Subprime,3,DPD_30,22,60474.97,1021,2.155
2025-09-01,Subprime,3,DPD_60,8,21598.989999999998,1021,0.784
2025-09-01,Subprime,3,Paid_Off,10,0.0,1021,0.979
2025-09-01,Subprime,4,Current,200,589274.87,1021,19.589
2025-09-01,Subprime,4,DPD_30,19,54592.31,1021,1.861
2025-09-01,Subprime,4,DPD_60,7,13601.789999999999,1021,0.686
2025-09-01,Subprime,4,DPD_90_PLUS,6,17560.8,1021,0.588
2025-09-01,Subprime,4,Paid_Off,13,0.0,1021,1.273
2025-09-01,Subprime,5,Charged_Off,5,14956.17,1021,0.49
2025-09-01,Subprime,5,Current,186,519745.6,1021,18.217
2025-09-01,Subprime,5,DPD_30,25,74250.63,1021,2.449
2025-09-01,Subprime,5,DPD_60,10,22239.09,1021,0.979
2025-09-01,Subprime,5,DPD_90_PLUS,3,7517.83,1021,0.294
2025-09-01,Subprime,5,Paid_Off,16,0.0,1021,1.567
2025-09-01,Subprime,6,Charged_Off,6,17428.96,1021,0.588
2025-09-01,Subprime,6,Current,176,470715.14,1021,17.238
2025-09-01,Subprime,6,DPD_30,25,67540.21,1021,2.449
2025-09-01,Subprime,6,DPD_60,13,33772.799999999996,1021,1.273
2025-09-01,Subprime,6,DPD_90_PLUS,8,18404.27,1021,0.784
2025-09-01,Subprime,6,Paid_Off,17,0.0,1021,1.665
2025-09-01,Subprime,7,Charged_Off,12,32555.0,1021,1.175
2025-09-01,Subprime,7,Current,174,451958.42,1021,17.042
2025-09-01,Subprime,7,DPD_30,16,31705.11,1021,1.567
2025-09-01,Subprime,7,DPD_60,16,39850.13,1021,1.567
2025-09-01,Subprime,7,DPD_90_PLUS,9,22064.97,1021,0.881
2025-09-01,Subprime,7,Paid_Off,18,0.0,1021,1.763
2025-09-01,Subprime,8,Charged_Off,17,42398.2,1021,1.665
2025-09-01,Subprime,8,Current,169,414801.36,1021,16.552
2025-09-01,Subprime,8,DPD_30,12,28218.89,1021,1.175
2025-09-01,Subprime,8,DPD_60,12,24474.49,1021,1.175
2025-09-01,Subprime,8,DPD_90_PLUS,15,40424.12,1021,1.469
2025-09-01,Subprime,8,Paid_Off,20,0.0,1021,1.959
2025-09-01,Subprime,9,Charged_Off,29,74754.61,1021,2.84
2025-09-01,Subprime,9,Current,153,357812.32,1021,14.985
2025-09-01,Subprime,9,DPD_30,19,46323.6,1021,1.861
2025-09-01,Subprime,9,DPD_60,8,18257.3,1021,0.784
2025-09-01,Subprime,9,DPD_90_PLUS,11,25758.29,1021,1.077
2025-09-01,Subprime,9,Paid_Off,25,0.0,1021,2.449
2025-09-01,Subprime,10,Charged_Off,34,87220.85,1021,3.33
2025-09-01,Subprime,10,Current,146,334479.27,1021,14.3
2025-09-01,Subprime,10,DPD_30,22,45450.08,1021,2.155
2025-09-01,Subprime,10,DPD_60,8,15299.88,1021,0.784
2025-09-01,Subprime,10,DPD_90_PLUS,9,19864.94,1021,0.881
2025-09-01,Subprime,10,Paid_Off,26,0.0,1021,2.547
2025-09-01,Subprime,11,Charged_Off,39,97326.24,1021,3.82
2025-09-01,Subprime,11,Current,133,295895.8,1021,13.026
2025-09-01,Subprime,11,DPD_30,23,45690.09,1021,2.253
2025-09-01,Subprime,11,DPD_60,14,23578.22,1021,1.371
2025-09-01,Subprime,11,DPD_90_PLUS,7,14902.71,1021,0.686
2025-09-01,Subprime,11,Paid_Off,29,0.0,1021,2.84
2025-10-01,Near_Prime,1,Current,338,1874843.71,956,35.356
2025-10-01,Near_Prime,2,Current,316,1665179.24,956,33.054
2025-10-01,Near_Prime,2,DPD_30,18,107653.82,956,1.883
2025-10-01,Near_Prime,2,Paid_Off,4,0.0,956,0.418
2025-10-01,Near_Prime,3,Current,303,1523382.43,956,31.695
2025-10-01,Near_Prime,3,DPD_30,20,122516.29000000001,956,2.092
2025-10-01,Near_Prime,3,DPD_60,6,24967.46,956,0.628
2025-10-01,Near_Prime,3,Paid_Off,9,0.0,956,0.941
2025-10-01,Near_Prime,4,Current,294,1395506.63,956,30.753
2025-10-01,Near_Prime,4,DPD_30,19,99388.65,956,1.987
2025-10-01,Near_Prime,4,DPD_60,7,48394.09,956,0.732
2025-10-01,Near_Prime,4,DPD_90_PLUS,5,21692.65,956,0.523
2025-10-01,Near_Prime,4,Paid_Off,13,0.0,956,1.36
2025-10-01,Near_Prime,5,Charged_Off,1,1741.98,956,0.105
2025-10-01,Near_Prime,5,Current,287,1302093.79,956,30.021
2025-10-01,Near_Prime,5,DPD_30,22,112739.0,956,2.301
2025-10-01,Near_Prime,5,DPD_60,5,21271.66,956,0.523
2025-10-01,Near_Prime,5,DPD_90_PLUS,9,52776.2,956,0.941
2025-10-01,Near_Prime,5,Paid_Off,14,0.0,956,1.464
2025-10-01,Near_Prime,6,Charged_Off,8,46109.21,956,0.837
2025-10-01,Near_Prime,6,Current,283,1208134.54,956,29.603
2025-10-01,Near_Prime,6,DPD_30,15,82039.54,956,1.569
2025-10-01,Near_Prime,6,DPD_60,8,48555.36,956,0.837
2025-10-01,Near_Prime,6,DPD_90_PLUS,6,22555.43,956,0.628
2025-10-01,Near_Prime,6,Paid_Off,18,0.0,956,1.883
2025-10-01,Near_Prime,7,Charged_Off,12,59910.39,956,1.255
2025-10-01,Near_Prime,7,Current,279,1148294.46,956,29.184
2025-10-01,Near_Prime,7,DPD_30,11,40938.71,956,1.151
2025-10-01,Near_Prime,7,DPD_60,6,33798.12,956,0.628
2025-10-01,Near_Prime,7,DPD_90_PLUS,8,43228.99,956,0.837
2025-10-01,Near_Prime,7,Paid_Off,22,0.0,956,2.301
2025-10-01,Near_Prime,8,Charged_Off,19,90425.89,956,1.987
2025-10-01,Near_Prime,8,Current,269,1046035.15,956,28.138
2025-10-01,Near_Prime,8,DPD_30,16,61914.93,956,1.674
2025-10-01,Near_Prime,8,DPD_60,4,21453.72,956,0.418
2025-10-01,Near_Prime,8,DPD_90_PLUS,4,26938.85,956,0.418
2025-10-01,Near_Prime,8,Paid_Off,26,0.0,956,2.72
2025-10-01,Near_Prime,9,Charged_Off,21,108004.65,956,2.197
2025-10-01,Near_Prime,9,Current,263,978809.51,956,27.51
2025-10-01,Near_Prime,9,DPD_30,15,51547.69,956,1.569
2025-10-01,Near_Prime,9,DPD_60,4,18139.1,956,0.418
2025-10-01,Near_Prime,9,DPD_90_PLUS,5,25899.12,956,0.523
2025-10-01,Near_Prime,9,Paid_Off,30,0.0,956,3.138
2025-10-01,Near_Prime,10,Charged_Off,23,118886.45,956,2.406
2025-10-01,Near_Prime,10,Current,246,861512.91,956,25.732
2025-10-01,Near_Prime,10,DPD_30,20,78254.45,956,2.092
2025-10-01,Near_Prime,10,DPD_60,7,22233.72,956,0.732
2025-10-01,Near_Prime,10,DPD_90_PLUS,6,28988.19,956,0.628
2025-10-01,Near_Prime,10,Paid_Off,36,0.0,956,3.766
2025-10-01,Prime,1,Current,384,3260917.74,956,40.167
2025-10-01,Prime,2,Current,373,3023122.79,956,39.017
2025-10-01,Prime,2,DPD_30,7,67308.41,956,0.732
2025-10-01,Prime,2,Paid_Off,4,0.0,956,0.418
2025-10-01,Prime,3,Current,362,2822988.89,956,37.866
2025-10-01,Prime,3,DPD_30,9,63542.05,956,0.941
2025-10-01,Prime,3,DPD_60,4,25323.37,956,0.418
2025-10-01,Prime,3,Paid_Off,9,0.0,956,0.941
2025-10-01,Prime,4,Current,356,2621577.52,956,37.238
2025-10-01,Prime,4,DPD_30,9,82421.71,956,0.941
2025-10-01,Prime,4,DPD_60,3,17123.72,956,0.314
2025-10-01,Prime,4,DPD_90_PLUS,4,24266.49,956,0.418
2025-10-01,Prime,4,Paid_Off,12,0.0,956,1.255
2025-10-01,Prime,5,Charged_Off,1,7465.14,956,0.105
2025-10-01,Prime,5,Current,347,2437518.28,956,36.297
2025-10-01,Prime,5,DPD_30,10,92106.37,956,1.046
2025-10-01,Prime,5,DPD_60,5,34904.86,956,0.523
2025-10-01,Prime,5,DPD_90_PLUS,5,31593.199999999997,956,0.523
2025-10-01,Prime,5,Paid_Off,16,0.0,956,1.674
2025-10-01,Prime,6,Charged_Off,6,39058.34,956,0.628
2025-10-01,Prime,6,Current,344,2328100.99,956,35.983
2025-10-01,Prime,6,DPD_30,7,41624.98,956,0.732
2025-10-01,Prime,6,DPD_60,6,50918.76,956,0.628
2025-10-01,Prime,6,DPD_90_PLUS,2,12857.93,956,0.209
2025-10-01,Prime,6,Paid_Off,19,0.0,956,1.987
2025-10-01,Prime,7,Charged_Off,7,46100.1,956,0.732
2025-10-01,Prime,7,Current,341,2211171.28,956,35.669
2025-10-01,Prime,7,DPD_30,6,26596.71,956,0.628
2025-10-01,Prime,7,DPD_60,4,30147.4,956,0.418
2025-10-01,Prime,7,DPD_90_PLUS,5,42316.88,956,0.523
2025-10-01,Prime,7,Paid_Off,21,0.0,956,2.197
2025-10-01,Prime,8,Charged_Off,11,82904.93,956,1.151
2025-10-01,Prime,8,Current,336,2069311.07,956,35.146
2025-10-01,Prime,8,DPD_30,5,38725.8,956,0.523
2025-10-01,Prime,8,DPD_60,4,21662.57,956,0.418
2025-10-01,Prime,8,DPD_90_PLUS,3,18598.06,956,0.314
2025-10-01,Prime,8,Paid_Off,25,0.0,956,2.615
2025-10-01,Prime,9,Charged_Off,13,90766.65,956,1.36
2025-10-01,Prime,9,Current,331,1953950.07,956,34.623
2025-10-01,Prime,9,DPD_30,4,15678.56,956,0.418
2025-10-01,Prime,9,DPD_60,1,6801.97,956,0.105
2025-10-01,Prime,9,DPD_90_PLUS,5,31010.54,956,0.523
2025-10-01,Prime,9,Paid_Off,30,0.0,956,3.138
2025-10-01,Prime,10,Charged_Off,18,121777.19,956,1.883
2025-10-01,Prime,10,Current,317,1803181.39,956,33.159
2025-10-01,Prime,10,DPD_30,7,28760.29,956,0.732
2025-10-01,Prime,10,DPD_60,1,3007.18,956,0.105
2025-10-01,Prime,10,DPD_90_PLUS,1,6516.15,956,0.105
2025-10-01,Prime,10,Paid_Off,40,0.0,956,4.184
2025-10-01,Subprime,1,Current,234,812418.83,956,24.477
2025-10-01,Subprime,2,Current,203,678011.01,956,21.234
2025-10-01,Subprime,2,DPD_30,26,79400.41,956,2.72
2025-10-01,Subprime,2,Paid_Off,5,0.0,956,0.523
2025-10-01,Subprime,3,Current,191,619374.01,956,19.979
2025-10-01,Subprime,3,DPD_30,27,83613.5,956,2.824
2025-10-01,Subprime,3,DPD_60,9,18108.52,956,0.941
2025-10-01,Subprime,3,Paid_Off,7,0.0,956,0.732
2025-10-01,Subprime,4,Current,196,609317.97,956,20.502
2025-10-01,Subprime,4,DPD_30,14,37789.340000000004,956,1.464
2025-10-01,Subprime,4,DPD_60,10,26800.22,956,1.046
2025-10-01,Subprime,4,DPD_90_PLUS,6,10305.57,956,0.628
2025-10-01,Subprime,4,Paid_Off,8,0.0,956,0.837
2025-10-01,Subprime,5,Charged_Off,3,4497.42,956,0.314
2025-10-01,Subprime,5,Current,188,553940.71,956,19.665
2025-10-01,Subprime,5,DPD_30,12,40403.14,956,1.255
2025-10-01,Subprime,5,DPD_60,7,13386.640000000001,956,0.732
2025-10-01,Subprime,5,DPD_90_PLUS,12,27537.86,956,1.255
2025-10-01,Subprime,5,Paid_Off,12,0.0,956,1.255
2025-10-01,Subprime,6,Charged_Off,11,24454.62,956,1.151
2025-10-01,Subprime,6,Current,172,493335.9,956,17.992
2025-10-01,Subprime,6,DPD_30,23,61336.68,956,2.406
2025-10-01,Subprime,6,DPD_60,4,9890.59,956,0.418
2025-10-01,Subprime,6,DPD_90_PLUS,9,16340.76,956,0.941
2025-10-01,Subprime,6,Paid_Off,15,0.0,956,1.569
2025-10-01,Subprime,7,Charged_Off,13,27555.170000000002,956,1.36
2025-10-01,Subprime,7,Current,162,439703.6,956,16.946
2025-10-01,Subprime,7,DPD_30,23,62350.4,956,2.406
2025-10-01,Subprime,7,DPD_60,10,30432.36,956,1.046
2025-10-01,Subprime,7,DPD_90_PLUS,9,15621.38,956,0.941
2025-10-01,Subprime,7,Paid_Off,17,0.0,956,1.778
2025-10-01,Subprime,8,Charged_Off,19,39824.54,956,1.987
2025-10-01,Subprime,8,Current,156,398876.68,956,16.318
2025-10-01,Subprime,8,DPD_30,17,47007.4,956,1.778
2025-10-01,Subprime,8,DPD_60,16,43653.47,956,1.674
2025-10-01,Subprime,8,DPD_90_PLUS,6,11974.14,956,0.628
2025-10-01,Subprime,8,Paid_Off,20,0.0,956,2.092
2025-10-01,Subprime,9,Charged_Off,24,50695.39,956,2.51
2025-10-01,Subprime,9,Current,147,356975.39,956,15.377
2025-10-01,Subprime,9,DPD_30,17,50198.15,956,1.778
2025-10-01,Subprime,9,DPD_60,10,23439.54,956,1.046
2025-10-01,Subprime,9,DPD_90_PLUS,13,31189.61,956,1.36
2025-10-01,Subprime,9,Paid_Off,23,0.0,956,2.406
2025-10-01,Subprime,10,Charged_Off,32,72155.57,956,3.347
2025-10-01,Subprime,10,Current,150,350668.02,956,15.69
2025-10-01,Subprime,10,DPD_30,11,31678.38,956,1.151
2025-10-01,Subprime,10,DPD_60,3,7386.650000000001,956,0.314
2025-10-01,Subprime,10,DPD_90_PLUS,14,29395.11,956,1.464
2025-10-01,Subprime,10,Paid_Off,24,0.0,956,2.51
2025-11-01,Near_Prime,1,Current,406,2437714.7,1085,37.419
2025-11-01,Near_Prime,2,Current,385,2208636.98,1085,35.484
2025-11-01,Near_Prime,2,DPD_30,13,71970.98,1085,1.198
2025-11-01,Near_Prime,2,Paid_Off,8,0.0,1085,0.737
2025-11-01,Near_Prime,3,Current,373,2045134.96,1085,34.378
2025-11-01,Near_Prime,3,DPD_30,14,74651.65,1085,1.29
2025-11-01,Near_Prime,3,DPD_60,5,30782.43,1085,0.461
2025-11-01,Near_Prime,3,Paid_Off,14,0.0,1085,1.29
2025-11-01,Near_Prime,4,Current,364,1934180.81,1085,33.548
2025-11-01,Near_Prime,4,DPD_30,18,76801.13,1085,1.659
2025-11-01,Near_Prime,4,DPD_60,3,10982.86,1085,0.276
2025-11-01,Near_Prime,4,DPD_90_PLUS,3,13216.720000000001,1085,0.276
2025-11-01,Near_Prime,4,Paid_Off,18,0.0,1085,1.659
2025-11-01,Near_Prime,5,Charged_Off,2,10568.29,1085,0.184
2025-11-01,Near_Prime,5,Current,353,1791714.84,1085,32.535
2025-11-01,Near_Prime,5,DPD_30,13,56822.92,1085,1.198
2025-11-01,Near_Prime,5,DPD_60,10,31381.27,1085,0.922
2025-11-01,Near_Prime,5,DPD_90_PLUS,1,4447.18,1085,0.092
2025-11-01,Near_Prime,5,Paid_Off,27,0.0,1085,2.488
2025-11-01,Near_Prime,6,Charged_Off,2,10568.29,1085,0.184
2025-11-01,Near_Prime,6,Current,339,1628780.57,1085,31.244
2025-11-01,Near_Prime,6,DPD_30,20,105031.63,1085,1.843
2025-11-01,Near_Prime,6,DPD_60,7,27995.45,1085,0.645
2025-11-01,Near_Prime,6,DPD_90_PLUS,8,22834.43,1085,0.737
2025-11-01,Near_Prime,6,Paid_Off,30,0.0,1085,2.765
2025-11-01,Near_Prime,7,Charged_Off,6,21644.46,1085,0.553
2025-11-01,Near_Prime,7,Current,334,1527968.06,1085,30.783
2025-11-01,Near_Prime,7,DPD_30,14,60068.78,1085,1.29
2025-11-01,Near_Prime,7,DPD_60,6,18641.78,1085,0.553
2025-11-01,Near_Prime,7,DPD_90_PLUS,8,28802.31,1085,0.737
2025-11-01,Near_Prime,7,Paid_Off,38,0.0,1085,3.502
2025-11-01,Near_Prime,8,Charged_Off,13,46947.75,1085,1.198
2025-11-01,Near_Prime,8,Current,323,1400855.96,1085,29.77
2025-11-01,Near_Prime,8,DPD_30,18,86582.45999999999,1085,1.659
2025-11-01,Near_Prime,8,DPD_60,5,19676.420000000002,1085,0.461
2025-11-01,Near_Prime,8,DPD_90_PLUS,6,17046.82,1085,0.553
2025-11-01,Near_Prime,8,Paid_Off,41,0.0,1085,3.779
2025-11-01,Near_Prime,9,Charged_Off,15,52622.91,1085,1.382
2025-11-01,Near_Prime,9,Current,309,1295278.8699999999,1085,28.479
2025-11-01,Near_Prime,9,DPD_30,19,70917.92,1085,1.751
2025-11-01,Near_Prime,9,DPD_60,9,33450.77,1085,0.829
2025-11-01,Near_Prime,9,DPD_90_PLUS,6,19764.99,1085,0.553
2025-11-01,Near_Prime,9,Paid_Off,48,0.0,1085,4.424
2025-11-01,Prime,1,Current,393,3254098.22,1085,36.221
2025-11-01,Prime,2,Current,382,3036533.68,1085,35.207
2025-11-01,Prime,2,DPD_30,5,28952.17,1085,0.461
2025-11-01,Prime,2,Paid_Off,6,0.0,1085,0.553
2025-11-01,Prime,3,Current,373,2821276.11,1085,34.378
2025-11-01,Prime,3,DPD_30,10,78898.93,1085,0.922
2025-11-01,Prime,3,Paid_Off,10,0.0,1085,0.922
2025-11-01,Prime,4,Current,362,2636116.38,1085,33.364
2025-11-01,Prime,4,DPD_30,15,92793.76,1085,1.382
2025-11-01,Prime,4,DPD_60,3,20794.58,1085,0.276
2025-11-01,Prime,4,Paid_Off,13,0.0,1085,1.198
2025-11-01,Prime,5,Current,361,2492823.06,1085,33.272
2025-11-01,Prime,5,DPD_30,7,56634.48,1085,0.645
2025-11-01,Prime,5,DPD_60,6,37964.72,1085,0.553
2025-11-01,Prime,5,DPD_90_PLUS,3,19826.34,1085,0.276
2025-11-01,Prime,5,Paid_Off,16,0.0,1085,1.475
2025-11-01,Prime,6,Charged_Off,3,19826.34,1085,0.276
2025-11-01,Prime,6,Current,350,2299302.58,1085,32.258
2025-11-01,Prime,6,DPD_30,11,83299.38,1085,1.014
2025-11-01,Prime,6,DPD_60,2,22393.1,1085,0.184
2025-11-01,Prime,6,DPD_90_PLUS,4,19371.649999999998,1085,0.369
2025-11-01,Prime,6,Paid_Off,23,0.0,1085,2.12
2025-11-01,Prime,7,Charged_Off,4,26894.079999999998,1085,0.369
2025-11-01,Prime,7,Current,341,2133686.9,1085,31.429
2025-11-01,Prime,7,DPD_30,13,76472.55,1085,1.198
2025-11-01,Prime,7,DPD_60,2,17015.09,1085,0.184
2025-11-01,Prime,7,DPD_90_PLUS,5,32910.229999999996,1085,0.461
2025-11-01,Prime,7,Paid_Off,28,0.0,1085,2.581
2025-11-01,Prime,8,Charged_Off,8,56133.32,1085,0.737
2025-11-01,Prime,8,Current,337,2005502.16,1085,31.06
2025-11-01,Prime,8,DPD_30,6,30061.13,1085,0.553
2025-11-01,Prime,8,DPD_60,2,18374.940000000002,1085,0.184
2025-11-01,Prime,8,DPD_90_PLUS,3,19889.8,1085,0.276
2025-11-01,Prime,8,Paid_Off,37,0.0,1085,3.41
2025-11-01,Prime,9,Charged_Off,8,56133.32,1085,0.737
2025-11-01,Prime,9,Current,335,1893618.21,1085,30.876
2025-11-01,Prime,9,DPD_30,5,30672.62,1085,0.461
2025-11-01,Prime,9,DPD_60,1,11018.78,1085,0.092
2025-11-01,Prime,9,DPD_90_PLUS,4,27070.52,1085,0.369
2025-11-01,Prime,9,Paid_Off,40,0.0,1085,3.687
2025-11-01,Subprime,1,Current,286,934476.33,1085,26.359
2025-11-01,Subprime,2,Current,261,817606.85,1085,24.055
2025-11-01,Subprime,2,DPD_30,22,67638.66,1085,2.028
2025-11-01,Subprime,2,Paid_Off,3,0.0,1085,0.276
2025-11-01,Subprime,3,Current,245,722679.82,1085,22.581
2025-11-01,Subprime,3,DPD_30,22,74720.91,1085,2.028
2025-11-01,Subprime,3,DPD_60,8,24255.15,1085,0.737
2025-11-01,Subprime,3,Paid_Off,11,0.0,1085,1.014
2025-11-01,Subprime,4,Current,236,676853.8099999999,1085,21.751
2025-11-01,Subprime,4,DPD_30,24,57953.0,1085,2.212
2025-11-01,Subprime,4,DPD_60,8,30008.149999999998,1085,0.737
2025-11-01,Subprime,4,DPD_90_PLUS,5,13110.61,1085,0.461
2025-11-01,Subprime,4,Paid_Off,13,0.0,1085,1.198
2025-11-01,Subprime,5,Charged_Off,3,8764.22,1085,0.276
2025-11-01,Subprime,5,Current,219,595195.16,1085,20.184
2025-11-01,Subprime,5,DPD_30,29,70670.18,1085,2.673
2025-11-01,Subprime,5,DPD_60,10,28158.92,1085,0.922
2025-11-01,Subprime,5,DPD_90_PLUS,8,26928.11,1085,0.737
2025-11-01,Subprime,5,Paid_Off,17,0.0,1085,1.567
2025-11-01,Subprime,6,Charged_Off,7,22018.48,1085,0.645
2025-11-01,Subprime,6,Current,214,558940.04,1085,19.724
2025-11-01,Subprime,6,DPD_30,23,50262.22,1085,2.12
2025-11-01,Subprime,6,DPD_60,11,23408.18,1085,1.014
2025-11-01,Subprime,6,DPD_90_PLUS,10,31463.28,1085,0.922
2025-11-01,Subprime,6,Paid_Off,21,0.0,1085,1.935
2025-11-01,Subprime,7,Charged_Off,16,45908.52,1085,1.475
2025-11-01,Subprime,7,Current,200,495315.37,1085,18.433
2025-11-01,Subprime,7,DPD_30,21,53167.72,1085,1.935
2025-11-01,Subprime,7,DPD_60,14,25952.75,1085,1.29
2025-11-01,Subprime,7,DPD_90_PLUS,8,21496.16,1085,0.737
2025-11-01,Subprime,7,Paid_Off,27,0.0,1085,2.488
2025-11-01,Subprime,8,Charged_Off,23,65536.0,1085,2.12
2025-11-01,Subprime,8,Current,193,458926.92,1085,17.788
2025-11-01,Subprime,8,DPD_30,17,39553.26,1085,1.567
2025-11-01,Subprime,8,DPD_60,12,25419.829999999998,1085,1.106
2025-11-01,Subprime,8,DPD_90_PLUS,12,20784.37,1085,1.106
2025-11-01,Subprime,8,Paid_Off,29,0.0,1085,2.673
2025-11-01,Subprime,9,Charged_Off,31,78073.09,1085,2.857
2025-11-01,Subprime,9,Current,185,429273.1,1085,17.051
2025-11-01,Subprime,9,DPD_30,18,36587.67,1085,1.659
2025-11-01,Subprime,9,DPD_60,6,7567.71,1085,0.553
2025-11-01,Subprime,9,DPD_90_PLUS,15,30997.17,1085,1.382
2025-11-01,Subprime,9,Paid_Off,31,0.0,1085,2.857
2025-12-01,Near_Prime,1,Current,313,1763214.73,863,36.269
2025-12-01,Near_Prime,2,Current,288,1560481.53,863,33.372
2025-12-01,Near_Prime,2,DPD_30,20,97513.44,863,2.317
2025-12-01,Near_Prime,2,Paid_Off,5,0.0,863,0.579
2025-12-01,Near_Prime,3,Current,286,1468393.17,863,33.14
2025-12-01,Near_Prime,3,DPD_30,12,63062.58,863,1.39
2025-12-01,Near_Prime,3,DPD_60,6,29928.670000000002,863,0.695
2025-12-01,Near_Prime,3,Paid_Off,9,0.0,863,1.043
2025-12-01,Near_Prime,4,Current,272,1321886.86,863,31.518
2025-12-01,Near_Prime,4,DPD_30,19,104249.0,863,2.202
2025-12-01,Near_Prime,4,DPD_60,4,22555.17,863,0.463
2025-12-01,Near_Prime,4,DPD_90_PLUS,6,28727.95,863,0.695
2025-12-01,Near_Prime,4,Paid_Off,12,0.0,863,1.39
2025-12-01,Near_Prime,5,Charged_Off,4,18301.18,863,0.463
2025-12-01,Near_Prime,5,Current,261,1207240.58,863,30.243
2025-12-01,Near_Prime,5,DPD_30,19,109640.26,863,2.202
2025-12-01,Near_Prime,5,DPD_60,6,26442.93,863,0.695
2025-12-01,Near_Prime,5,DPD_90_PLUS,6,31661.94,863,0.695
2025-12-01,Near_Prime,5,Paid_Off,17,0.0,863,1.97
2025-12-01,Near_Prime,6,Charged_Off,9,46691.52,863,1.043
2025-12-01,Near_Prime,6,Current,254,1133061.94,863,29.432
2025-12-01,Near_Prime,6,DPD_30,13,57488.55,863,1.506
2025-12-01,Near_Prime,6,DPD_60,7,43675.95,863,0.811
2025-12-01,Near_Prime,6,DPD_90_PLUS,6,24551.51,863,0.695
2025-12-01,Near_Prime,6,Paid_Off,24,0.0,863,2.781
2025-12-01,Near_Prime,7,Charged_Off,15,71243.03,863,1.738
2025-12-01,Near_Prime,7,Current,249,1046733.15,863,28.853
2025-12-01,Near_Prime,7,DPD_30,10,65077.7,863,1.159
2025-12-01,Near_Prime,7,DPD_60,6,22131.12,863,0.695
2025-12-01,Near_Prime,7,DPD_90_PLUS,5,22582.74,863,0.579
2025-12-01,Near_Prime,7,Paid_Off,28,0.0,863,3.244
2025-12-01,Near_Prime,8,Charged_Off,18,79868.37,863,2.086
2025-12-01,Near_Prime,8,Current,249,1020048.09,863,28.853
2025-12-01,Near_Prime,8,DPD_30,8,29359.21,863,0.927
2025-12-01,Near_Prime,8,DPD_60,4,17804.54,863,0.463
2025-12-01,Near_Prime,8,DPD_90_PLUS,5,26972.07,863,0.579
2025-12-01,Near_Prime,8,Paid_Off,29,0.0,863,3.36
2025-12-01,Prime,1,Current,340,2952085.93,863,39.397
2025-12-01,Prime,2,Current,323,2674367.95,863,37.428
2025-12-01,Prime,2,DPD_30,10,81323.15,863,1.159
2025-12-01,Prime,2,Paid_Off,7,0.0,863,0.811
2025-12-01,Prime,3,Current,310,2459110.74,863,35.921
2025-12-01,Prime,3,DPD_30,12,91146.75,863,1.39
2025-12-01,Prime,3,DPD_60,3,27700.64,863,0.348
2025-12-01,Prime,3,Paid_Off,15,0.0,863,1.738
2025-12-01,Prime,4,Current,303,2308733.4,863,35.11
2025-12-01,Prime,4,DPD_30,8,59519.92,863,0.927
2025-12-01,Prime,4,DPD_60,5,35652.32,863,0.579
2025-12-01,Prime,4,DPD_90_PLUS,2,11547.95,863,0.232
2025-12-01,Prime,4,Paid_Off,22,0.0,863,2.549
2025-12-01,Prime,5,Charged_Off,1,3726.41,863,0.116
2025-12-01,Prime,5,Current,294,2139269.45,863,34.067
2025-12-01,Prime,5,DPD_30,10,80538.37,863,1.159
2025-12-01,Prime,5,DPD_60,4,19901.86,863,0.463
2025-12-01,Prime,5,DPD_90_PLUS,3,24021.65,863,0.348
2025-12-01,Prime,5,Paid_Off,28,0.0,863,3.244
2025-12-01,Prime,6,Charged_Off,2,11118.869999999999,863,0.232
2025-12-01,Prime,6,Current,287,2002776.91,863,33.256
2025-12-01,Prime,6,DPD_30,9,61549.32,863,1.043
2025-12-01,Prime,6,DPD_60,3,30788.870000000003,863,0.348
2025-12-01,Prime,6,DPD_90_PLUS,6,34790.22,863,0.695
2025-12-01,Prime,6,Paid_Off,33,0.0,863,3.824
2025-12-01,Prime,7,Charged_Off,8,45909.09,863,0.927
2025-12-01,Prime,7,Current,284,1894535.1,863,32.908
2025-12-01,Prime,7,DPD_30,7,37776.35,863,0.811
2025-12-01,Prime,7,DPD_60,3,17914.27,863,0.348
2025-12-01,Prime,7,DPD_90_PLUS,1,18615.45,863,0.116
2025-12-01,Prime,7,Paid_Off,37,0.0,863,4.287
2025-12-01,Prime,8,Charged_Off,9,64524.54,863,1.043
2025-12-01,Prime,8,Current,279,1776231.09,863,32.329
2025-12-01,Prime,8,DPD_30,8,42543.35,863,0.927
2025-12-01,Prime,8,DPD_60,1,4191.87,863,0.116
2025-12-01,Prime,8,DPD_90_PLUS,3,17022.92,863,0.348
2025-12-01,Prime,8,Paid_Off,40,0.0,863,4.635
2025-12-01,Subprime,1,Current,210,718260.37,863,24.334
2025-12-01,Subprime,2,Current,202,661607.04,863,23.407
2025-12-01,Subprime,2,DPD_30,6,21962.03,863,0.695
2025-12-01,Subprime,2,Paid_Off,2,0.0,863,0.232
2025-12-01,Subprime,3,Current,188,587157.51,863,21.784
2025-12-01,Subprime,3,DPD_30,19,63835.62,863,2.202
2025-12-01,Subprime,3,Paid_Off,3,0.0,863,0.348
2025-12-01,Subprime,4,Current,169,511983.99,863,19.583
2025-12-01,Subprime,4,DPD_30,26,71924.82,863,3.013
2025-12-01,Subprime,4,DPD_60,8,27739.34,863,0.927
2025-12-01,Subprime,4,Paid_Off,7,0.0,863,0.811
2025-12-01,Subprime,5,Current,159,464698.92,863,18.424
2025-12-01,Subprime,5,DPD_30,22,58954.09,863,2.549
2025-12-01,Subprime,5,DPD_60,11,28492.66,863,1.275
2025-12-01,Subprime,5,DPD_90_PLUS,6,18960.85,863,0.695
2025-12-01,Subprime,5,Paid_Off,12,0.0,863,1.39
2025-12-01,Subprime,6,Charged_Off,4,11664.72,863,0.463
2025-12-01,Subprime,6,Current,154,438613.01,863,17.845
2025-12-01,Subprime,6,DPD_30,21,50196.1,863,2.433
2025-12-01,Subprime,6,DPD_60,10,25494.19,863,1.159
2025-12-01,Subprime,6,DPD_90_PLUS,8,18261.58,863,0.927
2025-12-01,Subprime,6,Paid_Off,13,0.0,863,1.506
2025-12-01,Subprime,7,Charged_Off,7,15529.3,863,0.811
2025-12-01,Subprime,7,Current,144,394281.32,863,16.686
2025-12-01,Subprime,7,DPD_30,21,45661.52,863,2.433
2025-12-01,Subprime,7,DPD_60,8,17772.36,863,0.927
2025-12-01,Subprime,7,DPD_90_PLUS,12,33835.6,863,1.39
2025-12-01,Subprime,7,Paid_Off,18,0.0,863,2.086
2025-12-01,Subprime,8,Charged_Off,15,38123.5,863,1.738
2025-12-01,Subprime,8,Current,136,346969.94,863,15.759
2025-12-01,Subprime,8,DPD_30,21,53690.45,863,2.433
2025-12-01,Subprime,8,DPD_60,9,18174.82,863,1.043
2025-12-01,Subprime,8,DPD_90_PLUS,8,22221.42,863,0.927
2025-12-01,Subprime,8,Paid_Off,21,0.0,863,2.433
2026-01-01,Near_Prime,1,Current,406,2325872.66,1086,37.385
2026-01-01,Near_Prime,2,Current,378,2076877.45,1086,34.807
2026-01-01,Near_Prime,2,DPD_30,18,100234.91,1086,1.657
2026-01-01,Near_Prime,2,Paid_Off,10,0.0,1086,0.921
2026-01-01,Near_Prime,3,Current,371,1924609.53,1086,34.162
2026-01-01,Near_Prime,3,DPD_30,14,79552.12,1086,1.289
2026-01-01,Near_Prime,3,DPD_60,2,5128.45,1086,0.184
2026-01-01,Near_Prime,3,Paid_Off,19,0.0,1086,1.75
2026-01-01,Near_Prime,4,Current,356,1751668.82,1086,32.781
2026-01-01,Near_Prime,4,DPD_30,17,91074.20999999999,1086,1.565
2026-01-01,Near_Prime,4,DPD_60,4,20824.97,1086,0.368
2026-01-01,Near_Prime,4,DPD_90_PLUS,2,4911.26,1086,0.184
2026-01-01,Near_Prime,4,Paid_Off,27,0.0,1086,2.486
2026-01-01,Near_Prime,5,Charged_Off,2,4911.26,1086,0.184
2026-01-01,Near_Prime,5,Current,349,1620052.94,1086,32.136
2026-01-01,Near_Prime,5,DPD_30,14,93453.96,1086,1.289
2026-01-01,Near_Prime,5,DPD_60,5,24305.14,1086,0.46
2026-01-01,Near_Prime,5,DPD_90_PLUS,3,14658.74,1086,0.276
2026-01-01,Near_Prime,5,Paid_Off,33,0.0,1086,3.039
2026-01-01,Near_Prime,6,Charged_Off,3,9198.35,1086,0.276
2026-01-01,Near_Prime,6,Current,341,1510107.66,1086,31.4
2026-01-01,Near_Prime,6,DPD_30,20,106914.02,1086,1.842
2026-01-01,Near_Prime,6,DPD_60,1,15686.14,1086,0.092
2026-01-01,Near_Prime,6,DPD_90_PLUS,7,33076.24,1086,0.645
2026-01-01,Near_Prime,6,Paid_Off,34,0.0,1086,3.131
2026-01-01,Near_Prime,7,Charged_Off,6,23466.68,1086,0.552
2026-01-01,Near_Prime,7,Current,328,1398434.04,1086,30.203
2026-01-01,Near_Prime,7,DPD_30,20,92889.1,1086,1.842
2026-01-01,Near_Prime,7,DPD_60,8,35994.73,1086,0.737
2026-01-01,Near_Prime,7,DPD_90_PLUS,5,32737.57,1086,0.46
2026-01-01,Near_Prime,7,Paid_Off,39,0.0,1086,3.591
2026-01-01,Prime,1,Current,385,3017271.59,1086,35.451
2026-01-01,Prime,2,Current,375,2810306.88,1086,34.53
2026-01-01,Prime,2,DPD_30,7,57580.37,1086,0.645
2026-01-01,Prime,2,Paid_Off,3,0.0,1086,0.276
2026-01-01,Prime,3,Current,366,2620841.29,1086,33.702
2026-01-01,Prime,3,DPD_30,8,64955.6,1086,0.737
2026-01-01,Prime,3,DPD_60,2,15208.38,1086,0.184
2026-01-01,Prime,3,Paid_Off,9,0.0,1086,0.829
2026-01-01,Prime,4,Current,352,2380449.99,1086,32.413
2026-01-01,Prime,4,DPD_30,14,129793.6,1086,1.289
2026-01-01,Prime,4,DPD_60,3,22027.66,1086,0.276
2026-01-01,Prime,4,DPD_90_PLUS,1,5997.56,1086,0.092
2026-01-01,Prime,4,Paid_Off,15,0.0,1086,1.381
2026-01-01,Prime,5,Current,345,2248349.81,1086,31.768
2026-01-01,Prime,5,DPD_30,12,89579.12,1086,1.105
2026-01-01,Prime,5,DPD_60,6,47797.770000000004,1086,0.552
2026-01-01,Prime,5,DPD_90_PLUS,3,20727.04,1086,0.276
2026-01-01,Prime,5,Paid_Off,19,0.0,1086,1.75
2026-01-01,Prime,6,Charged_Off,1,5655.44,1086,0.092
2026-01-01,Prime,6,Current,336,2112775.6,1086,30.939
2026-01-01,Prime,6,DPD_30,8,50437.59,1086,0.737
2026-01-01,Prime,6,DPD_60,6,39052.34,1086,0.552
2026-01-01,Prime,6,DPD_90_PLUS,6,46724.87,1086,0.552
2026-01-01,Prime,6,Paid_Off,28,0.0,1086,2.578
2026-01-01,Prime,7,Charged_Off,2,10057.3,1086,0.184
2026-01-01,Prime,7,Current,326,1940962.49,1086,30.018
2026-01-01,Prime,7,DPD_30,12,89571.89,1086,1.105
2026-01-01,Prime,7,DPD_60,4,28878.4,1086,0.368
2026-01-01,Prime,7,DPD_90_PLUS,7,51173.83,1086,0.645
2026-01-01,Prime,7,Paid_Off,34,0.0,1086,3.131
2026-01-01,Subprime,1,Current,295,1007278.5,1086,27.164
2026-01-01,Subprime,2,Current,273,885865.55,1086,25.138
2026-01-01,Subprime,2,DPD_30,19,66991.3,1086,1.75
2026-01-01,Subprime,2,Paid_Off,3,0.0,1086,0.276
2026-01-01,Subprime,3,Current,259,823777.03,1086,23.849
2026-01-01,Subprime,3,DPD_30,20,58003.71,1086,1.842
2026-01-01,Subprime,3,DPD_60,9,20372.8,1086,0.829
2026-01-01,Subprime,3,Paid_Off,7,0.0,1086,0.645
2026-01-01,Subprime,4,Current,239,728260.05,1086,22.007
2026-01-01,Subprime,4,DPD_30,29,72622.0,1086,2.67
2026-01-01,Subprime,4,DPD_60,10,37338.54,1086,0.921
2026-01-01,Subprime,4,DPD_90_PLUS,8,15827.16,1086,0.737
2026-01-01,Subprime,4,Paid_Off,9,0.0,1086,0.829
2026-01-01,Subprime,5,Charged_Off,5,10741.34,1086,0.46
2026-01-01,Subprime,5,Current,222,653666.56,1086,20.442
2026-01-01,Subprime,5,DPD_30,36,91789.72,1086,3.315
2026-01-01,Subprime,5,DPD_60,11,32992.95,1086,1.013
2026-01-01,Subprime,5,DPD_90_PLUS,9,17247.09,1086,0.829
2026-01-01,Subprime,5,Paid_Off,12,0.0,1086,1.105
2026-01-01,Subprime,6,Charged_Off,11,19996.51,1086,1.013
2026-01-01,Subprime,6,Current,204,572468.04,1086,18.785
2026-01-01,Subprime,6,DPD_30,40,100202.03,1086,3.683
2026-01-01,Subprime,6,DPD_60,14,36798.01,1086,1.289
2026-01-01,Subprime,6,DPD_90_PLUS,10,28282.52,1086,0.921
2026-01-01,Subprime,6,Paid_Off,16,0.0,1086,1.473
2026-01-01,Subprime,7,Charged_Off,18,41025.65,1086,1.657
2026-01-01,Subprime,7,Current,194,497723.51,1086,17.864
2026-01-01,Subprime,7,DPD_30,36,100263.01,1086,3.315
2026-01-01,Subprime,7,DPD_60,16,45634.33,1086,1.473
2026-01-01,Subprime,7,DPD_90_PLUS,13,34809.54,1086,1.197
2026-01-01,Subprime,7,Paid_Off,18,0.0,1086,1.657
2026-02-01,Near_Prime,1,Current,244,1426043.05,722,33.795
2026-02-01,Near_Prime,2,Current,235,1318974.23,722,32.548
2026-02-01,Near_Prime,2,DPD_30,8,38179.34,722,1.108
2026-02-01,Near_Prime,2,Paid_Off,1,0.0,722,0.139
2026-02-01,Near_Prime,3,Current,227,1211927.97,722,31.44
2026-02-01,Near_Prime,3,DPD_30,12,59798.44,722,1.662
2026-02-01,Near_Prime,3,DPD_60,1,9530.8,722,0.139
2026-02-01,Near_Prime,3,Paid_Off,4,0.0,722,0.554
2026-02-01,Near_Prime,4,Current,218,1101674.28,722,30.194
2026-02-01,Near_Prime,4,DPD_30,14,76421.83,722,1.939
2026-02-01,Near_Prime,4,DPD_60,5,27931.55,722,0.693
2026-02-01,Near_Prime,4,Paid_Off,7,0.0,722,0.97
2026-02-01,Near_Prime,5,Current,207,999523.18,722,28.67
2026-02-01,Near_Prime,5,DPD_30,18,101525.39,722,2.493
2026-02-01,Near_Prime,5,DPD_60,4,17065.260000000002,722,0.554
2026-02-01,Near_Prime,5,DPD_90_PLUS,4,12804.91,722,0.554
2026-02-01,Near_Prime,5,Paid_Off,11,0.0,722,1.524
2026-02-01,Near_Prime,6,Charged_Off,3,10173.29,722,0.416
2026-02-01,Near_Prime,6,Current,207,954572.54,722,28.67
2026-02-01,Near_Prime,6,DPD_30,10,48041.159999999996,722,1.385
2026-02-01,Near_Prime,6,DPD_60,7,49142.7,722,0.97
2026-02-01,Near_Prime,6,DPD_90_PLUS,4,14501.279999999999,722,0.554
2026-02-01,Near_Prime,6,Paid_Off,13,0.0,722,1.801
2026-02-01,Prime,1,Current,316,2790016.65,722,43.767
2026-02-01,Prime,2,Current,297,2505353.07,722,41.136
2026-02-01,Prime,2,DPD_30,10,92222.53,722,1.385
2026-02-01,Prime,2,Paid_Off,9,0.0,722,1.247
2026-02-01,Prime,3,Current,295,2389536.45,722,40.859
2026-02-01,Prime,3,DPD_30,7,44819.85,722,0.97
2026-02-01,Prime,3,DPD_60,2,21057.64,722,0.277
2026-02-01,Prime,3,Paid_Off,12,0.0,722,1.662
2026-02-01,Prime,4,Current,287,2247100.45,722,39.751
2026-02-01,Prime,4,DPD_30,5,16700.63,722,0.693
2026-02-01,Prime,4,DPD_60,3,28400.82,722,0.416
2026-02-01,Prime,4,DPD_90_PLUS,1,8351.32,722,0.139
2026-02-01,Prime,4,Paid_Off,20,0.0,722,2.77
2026-02-01,Prime,5,Charged_Off,1,8351.32,722,0.139
2026-02-01,Prime,5,Current,277,2036666.4,722,38.366
2026-02-01,Prime,5,DPD_30,9,77782.45999999999,722,1.247
2026-02-01,Prime,5,DPD_60,2,16199.33,722,0.277
2026-02-01,Prime,5,DPD_90_PLUS,2,13072.19,722,0.277
2026-02-01,Prime,5,Paid_Off,25,0.0,722,3.463
2026-02-01,Prime,6,Charged_Off,2,9977.17,722,0.277
2026-02-01,Prime,6,Current,275,1947189.87,722,38.089
2026-02-01,Prime,6,DPD_30,7,56974.98,722,0.97
2026-02-01,Prime,6,DPD_60,1,1698.3,722,0.139
2026-02-01,Prime,6,DPD_90_PLUS,1,10813.7,722,0.139
2026-02-01,Prime,6,Paid_Off,30,0.0,722,4.155
2026-02-01,Subprime,1,Current,162,555630.22,722,22.438
2026-02-01,Subprime,2,Current,148,493147.02,722,20.499
2026-02-01,Subprime,2,DPD_30,11,31904.48,722,1.524
2026-02-01,Subprime,2,Paid_Off,3,0.0,722,0.416
2026-02-01,Subprime,3,Current,139,432509.88,722,19.252
2026-02-01,Subprime,3,DPD_30,12,41227.65,722,1.662
2026-02-01,Subprime,3,DPD_60,4,12803.52,722,0.554
2026-02-01,Subprime,3,Paid_Off,7,0.0,722,0.97
2026-02-01,Subprime,4,Current,130,383039.08,722,18.006
2026-02-01,Subprime,4,DPD_30,17,61625.46,722,2.355
2026-02-01,Subprime,4,DPD_60,2,5628.28,722,0.277
2026-02-01,Subprime,4,DPD_90_PLUS,3,7226.969999999999,722,0.416
2026-02-01,Subprime,4,Paid_Off,10,0.0,722,1.385
2026-02-01,Subprime,5,Charged_Off,2,4838.0,722,0.277
2026-02-01,Subprime,5,Current,128,367511.05,722,17.729
2026-02-01,Subprime,5,DPD_30,11,33242.56,722,1.524
2026-02-01,Subprime,5,DPD_60,8,23848.5,722,1.108
2026-02-01,Subprime,5,DPD_90_PLUS,3,7628.32,722,0.416
2026-02-01,Subprime,5,Paid_Off,10,0.0,722,1.385
2026-02-01,Subprime,6,Charged_Off,3,6709.38,722,0.416
2026-02-01,Subprime,6,Current,117,325334.5,722,16.205
2026-02-01,Subprime,6,DPD_30,18,51133.67,722,2.493
2026-02-01,Subprime,6,DPD_60,2,5395.51,722,0.277
2026-02-01,Subprime,6,DPD_90_PLUS,9,23822.96,722,1.247
2026-02-01,Subprime,6,Paid_Off,13,0.0,722,1.801
2026-03-01,Near_Prime,1,Current,279,1622542.39,828,33.696
2026-03-01,Near_Prime,2,Current,267,1483084.56,828,32.246
2026-03-01,Near_Prime,2,DPD_30,9,51196.97,828,1.087
2026-03-01,Near_Prime,2,Paid_Off,3,0.0,828,0.362
2026-03-01,Near_Prime,3,Current,264,1412311.52,828,31.884
2026-03-01,Near_Prime,3,DPD_30,9,41652.73,828,1.087
2026-03-01,Near_Prime,3,DPD_60,1,7535.71,828,0.121
2026-03-01,Near_Prime,3,Paid_Off,5,0.0,828,0.604
2026-03-01,Near_Prime,4,Current,255,1300852.38,828,30.797
2026-03-01,Near_Prime,4,DPD_30,8,50101.6,828,0.966
2026-03-01,Near_Prime,4,DPD_60,6,26274.64,828,0.725
2026-03-01,Near_Prime,4,DPD_90_PLUS,1,7284.61,828,0.121
2026-03-01,Near_Prime,4,Paid_Off,9,0.0,828,1.087
2026-03-01,Near_Prime,5,Current,244,1208149.51,828,29.469
2026-03-01,Near_Prime,5,DPD_30,14,67637.58,828,1.691
2026-03-01,Near_Prime,5,DPD_60,3,11138.21,828,0.362
2026-03-01,Near_Prime,5,DPD_90_PLUS,4,18401.9,828,0.483
2026-03-01,Near_Prime,5,Paid_Off,14,0.0,828,1.691
2026-03-01,Prime,1,Current,335,2925036.35,828,40.459
2026-03-01,Prime,2,Current,324,2704246.35,828,39.13
2026-03-01,Prime,2,DPD_30,6,37598.4,828,0.725
2026-03-01,Prime,2,Paid_Off,5,0.0,828,0.604
2026-03-01,Prime,3,Current,315,2485677.41,828,38.043
2026-03-01,Prime,3,DPD_30,8,82188.28,828,0.966
2026-03-01,Prime,3,DPD_60,1,3048.23,828,0.121
2026-03-01,Prime,3,Paid_Off,11,0.0,828,1.329
2026-03-01,Prime,4,Current,306,2315234.29,828,36.957
2026-03-01,Prime,4,DPD_30,7,65610.62,828,0.845
2026-03-01,Prime,4,DPD_60,4,30911.8,828,0.483
2026-03-01,Prime,4,Paid_Off,18,0.0,828,2.174
2026-03-01,Prime,5,Current,293,2098901.45,828,35.386
2026-03-01,Prime,5,DPD_30,14,124541.17,828,1.691
2026-03-01,Prime,5,DPD_60,3,32702.739999999998,828,0.362
2026-03-01,Prime,5,DPD_90_PLUS,2,17093.73,828,0.242
2026-03-01,Prime,5,Paid_Off,23,0.0,828,2.778
2026-03-01,Subprime,1,Current,214,764135.04,828,25.845
2026-03-01,Subprime,2,Current,196,658464.13,828,23.671
2026-03-01,Subprime,2,DPD_30,16,66896.98,828,1.932
2026-03-01,Subprime,2,Paid_Off,2,0.0,828,0.242
2026-03-01,Subprime,3,Current,191,610093.76,828,23.068
2026-03-01,Subprime,3,DPD_30,15,54857.13,828,1.812
2026-03-01,Subprime,3,DPD_60,5,24159.22,828,0.604
2026-03-01,Subprime,3,Paid_Off,3,0.0,828,0.362
2026-03-01,Subprime,4,Current,177,531789.46,828,21.377
2026-03-01,Subprime,4,DPD_30,20,75431.48,828,2.415
2026-03-01,Subprime,4,DPD_60,7,23860.53,828,0.845
2026-03-01,Subprime,4,DPD_90_PLUS,3,15908.51,828,0.362
2026-03-01,Subprime,4,Paid_Off,7,0.0,828,0.845
2026-03-01,Subprime,5,Charged_Off,2,10603.66,828,0.242
2026-03-01,Subprime,5,Current,167,488919.88,828,20.169
2026-03-01,Subprime,5,DPD_30,18,53222.17,828,2.174
2026-03-01,Subprime,5,DPD_60,13,49878.65,828,1.57
2026-03-01,Subprime,5,DPD_90_PLUS,4,12039.14,828,0.483
2026-03-01,Subprime,5,Paid_Off,10,0.0,828,1.208
2026-04-01,Near_Prime,1,Current,345,2002276.53,1020,33.824
2026-04-01,Near_Prime,2,Current,331,1849324.16,1020,32.451
2026-04-01,Near_Prime,2,DPD_30,12,48856.66,1020,1.176
2026-04-01,Near_Prime,2,Paid_Off,2,0.0,1020,0.196
2026-04-01,Near_Prime,3,Current,309,1628250.81,1020,30.294
2026-04-01,Near_Prime,3,DPD_30,21,123980.53,1020,2.059
2026-04-01,Near_Prime,3,DPD_60,2,5767.889999999999,1020,0.196
2026-04-01,Near_Prime,3,Paid_Off,13,0.0,1020,1.275
2026-04-01,Near_Prime,4,Current,304,1546371.12,1020,29.804
2026-04-01,Near_Prime,4,DPD_30,17,77793.83,1020,1.667
2026-04-01,Near_Prime,4,DPD_60,4,27820.65,1020,0.392
2026-04-01,Near_Prime,4,DPD_90_PLUS,2,5433.46,1020,0.196
2026-04-01,Near_Prime,4,Paid_Off,18,0.0,1020,1.765
2026-04-01,Prime,1,Current,410,3470712.72,1020,40.196
2026-04-01,Prime,2,Current,394,3204777.42,1020,38.627
2026-04-01,Prime,2,DPD_30,11,82343.49,1020,1.078
2026-04-01,Prime,2,Paid_Off,5,0.0,1020,0.49
2026-04-01,Prime,3,Current,384,2974593.06,1020,37.647
2026-04-01,Prime,3,DPD_30,9,75499.09,1020,0.882
2026-04-01,Prime,3,DPD_60,3,11741.6,1020,0.294
2026-04-01,Prime,3,Paid_Off,14,0.0,1020,1.373
2026-04-01,Prime,4,Current,372,2768406.28,1020,36.471
2026-04-01,Prime,4,DPD_30,12,72455.83,1020,1.176
2026-04-01,Prime,4,DPD_60,2,15115.9,1020,0.196
2026-04-01,Prime,4,DPD_90_PLUS,3,11173.48,1020,0.294
2026-04-01,Prime,4,Paid_Off,21,0.0,1020,2.059
2026-04-01,Subprime,1,Current,265,874096.12,1020,25.98
2026-04-01,Subprime,2,Current,240,738328.6,1020,23.529
2026-04-01,Subprime,2,DPD_30,24,95204.24,1020,2.353
2026-04-01,Subprime,2,Paid_Off,1,0.0,1020,0.098
2026-04-01,Subprime,3,Current,232,691567.59,1020,22.745
2026-04-01,Subprime,3,DPD_30,20,67014.93,1020,1.961
2026-04-01,Subprime,3,DPD_60,7,21974.46,1020,0.686
2026-04-01,Subprime,3,Paid_Off,6,0.0,1020,0.588
2026-04-01,Subprime,4,Current,218,621665.98,1020,21.373
2026-04-01,Subprime,4,DPD_30,26,81360.61,1020,2.549
2026-04-01,Subprime,4,DPD_60,6,14571.02,1020,0.588
2026-04-01,Subprime,4,DPD_90_PLUS,6,19253.74,1020,0.588
2026-04-01,Subprime,4,Paid_Off,9,0.0,1020,0.882
2026-05-01,Near_Prime,1,Current,333,1875610.98,940,35.426
2026-05-01,Near_Prime,2,Current,327,1756511.02,940,34.787
2026-05-01,Near_Prime,2,DPD_30,5,30337.57,940,0.532
2026-05-01,Near_Prime,2,Paid_Off,1,0.0,940,0.106
2026-05-01,Near_Prime,3,Current,308,1580036.14,940,32.766
2026-05-01,Near_Prime,3,DPD_30,17,82288.89,940,1.809
2026-05-01,Near_Prime,3,DPD_60,2,10797.85,940,0.213
2026-05-01,Near_Prime,3,Paid_Off,6,0.0,940,0.638
2026-05-01,Prime,1,Current,349,2944320.68,940,37.128
2026-05-01,Prime,2,Current,335,2722822.31,940,35.638
2026-05-01,Prime,2,DPD_30,10,52472.32,940,1.064
2026-05-01,Prime,2,Paid_Off,4,0.0,940,0.426
2026-05-01,Prime,3,Current,326,2539982.74,940,34.681
2026-05-01,Prime,3,DPD_30,9,44734.19,940,0.957
2026-05-01,Prime,3,DPD_60,3,17108.66,940,0.319
2026-05-01,Prime,3,Paid_Off,11,0.0,940,1.17
2026-05-01,Subprime,1,Current,258,851784.24,940,27.447
2026-05-01,Subprime,2,Current,231,739384.72,940,24.574
2026-05-01,Subprime,2,DPD_30,23,61130.34,940,2.447
2026-05-01,Subprime,2,Paid_Off,4,0.0,940,0.426
2026-05-01,Subprime,3,Current,222,674536.0,940,23.617
2026-05-01,Subprime,3,DPD_30,22,54940.19,940,2.34
2026-05-01,Subprime,3,DPD_60,8,25301.53,940,0.851
2026-05-01,Subprime,3,Paid_Off,6,0.0,940,0.638
2026-06-01,Near_Prime,1,Current,438,2545645.82,1188,36.869
2026-06-01,Near_Prime,2,Current,411,2275777.74,1188,34.596
2026-06-01,Near_Prime,2,DPD_30,23,127622.43,1188,1.936
2026-06-01,Near_Prime,2,Paid_Off,4,0.0,1188,0.337
2026-06-01,Prime,1,Current,481,4159411.47,1188,40.488
2026-06-01,Prime,2,Current,460,3822375.35,1188,38.721
2026-06-01,Prime,2,DPD_30,12,68889.57,1188,1.01
2026-06-01,Prime,2,Paid_Off,9,0.0,1188,0.758
2026-06-01,Subprime,1,Current,269,933174.87,1188,22.643
2026-06-01,Subprime,2,Current,250,817446.01,1188,21.044
2026-06-01,Subprime,2,DPD_30,14,45505.26,1188,1.178
2026-06-01,Subprime,2,Paid_Off,5,0.0,1188,0.421
2026-07-01,Near_Prime,1,Current,356,2056273.8800000001,984,36.179
2026-07-01,Prime,1,Current,364,3010307.08,984,36.992
2026-07-01,Subprime,1,Current,264,823795.02,984,26.829
